,time,sewer_and_water,power,roads_and_bridges,medical,buildings,shake_intensity,location
9945,2020-04-06 00:00:00,2.0,4.0,1.0,,4.0,,17
9946,2020-04-06 00:25:00,2.0,0.0,7.0,,9.0,,17
9855,2020-04-06 00:35:00,2.0,0.0,3.0,,4.0,,17
9951,2020-04-06 04:10:00,2.0,6.0,10.0,,3.0,,17
9941,2020-04-06 05:40:00,0.0,5.0,2.0,,10.0,,17
9969,2020-04-06 06:40:00,4.0,1.0,7.0,,7.0,,17
9803,2020-04-06 07:10:00,0.0,5.0,0.0,,7.0,,17
9967,2020-04-06 07:10:00,10.0,2.0,1.0,,1.0,,17
9877,2020-04-06 07:10:00,9.0,9.0,2.0,,3.0,1.0,17
9827,2020-04-06 07:20:00,3.0,2.0,1.0,,3.0,,17
9813,2020-04-06 07:45:00,8.0,9.0,1.0,,2.0,,17
9849,2020-04-06 08:25:00,6.0,5.0,1.0,,4.0,1.0,17
9973,2020-04-06 08:40:00,8.0,6.0,10.0,,10.0,,17
9886,2020-04-06 09:00:00,1.0,4.0,10.0,,1.0,,17
9895,2020-04-06 09:05:00,5.0,4.0,2.0,,5.0,,17
9935,2020-04-06 09:20:00,10.0,10.0,10.0,,1.0,,17
9823,2020-04-06 10:10:00,2.0,9.0,6.0,,7.0,,17
9905,2020-04-06 10:20:00,1.0,4.0,5.0,,0.0,,17
9829,2020-04-06 10:20:00,4.0,8.0,7.0,,6.0,,17
9847,2020-04-06 10:40:00,1.0,5.0,4.0,,10.0,,17
9870,2020-04-06 11:00:00,10.0,10.0,6.0,,0.0,,17
9808,2020-04-06 11:20:00,3.0,2.0,8.0,,1.0,,17
9984,2020-04-06 11:50:00,9.0,6.0,3.0,,10.0,,17
9972,2020-04-06 12:25:00,2.0,10.0,10.0,,9.0,,17
9868,2020-04-06 12:35:00,6.0,10.0,1.0,,10.0,,17
9812,2020-04-06 13:10:00,2.0,1.0,8.0,,4.0,,17
9913,2020-04-06 13:15:00,1.0,0.0,3.0,,10.0,,17
9939,2020-04-06 13:20:00,7.0,8.0,10.0,,2.0,,17
9958,2020-04-06 13:55:00,6.0,9.0,10.0,,4.0,,17
9924,2020-04-06 14:15:00,1.0,10.0,9.0,,7.0,,17
9801,2020-04-06 14:40:00,7.0,10.0,5.0,,8.0,,17
9851,2020-04-06 15:05:00,2.0,9.0,8.0,,7.0,0.0,17
11456,2020-04-06 15:05:00,-0.0,0.0,-0.0,,-0.0,1.0,17
9918,2020-04-06 15:30:00,8.0,10.0,4.0,,9.0,,17
13372,2020-04-06 16:05:00,0.0,1.0,1.0,,0.0,0.0,17
13369,2020-04-06 16:10:00,1.0,0.0,-0.0,,-0.0,0.0,17
11457,2020-04-06 16:10:00,0.0,-0.0,-0.0,,0.0,0.0,17
13375,2020-04-06 16:15:00,0.0,-0.0,0.0,,-0.0,0.0,17
13376,2020-04-06 16:20:00,0.0,0.0,2.0,,0.0,-0.0,17
11458,2020-04-06 16:20:00,1.0,1.0,0.0,,1.0,1.0,17
13370,2020-04-06 16:25:00,0.0,0.0,0.0,,0.0,0.0,17
13371,2020-04-06 16:30:00,0.0,1.0,0.0,,1.0,0.0,17
9860,2020-04-06 17:25:00,8.0,3.0,0.0,,6.0,1.0,17
9888,2020-04-06 17:25:00,10.0,9.0,5.0,,3.0,,17
9959,2020-04-06 17:35:00,2.0,0.0,10.0,,4.0,,17
13377,2020-04-06 17:40:00,1.0,1.0,0.0,,1.0,-0.0,17
13380,2020-04-06 17:50:00,-0.0,0.0,0.0,,0.0,0.0,17
9795,2020-04-06 17:55:00,1.0,8.0,10.0,,0.0,,17
9875,2020-04-06 18:15:00,9.0,3.0,5.0,,4.0,,17
13379,2020-04-06 18:25:00,1.0,0.0,0.0,,-0.0,-0.0,17
13373,2020-04-06 18:25:00,1.0,0.0,0.0,,0.0,-0.0,17
13368,2020-04-06 18:35:00,1.0,1.0,0.0,,0.0,0.0,17
9985,2020-04-06 18:45:00,5.0,2.0,0.0,,0.0,,17
13374,2020-04-06 18:55:00,-0.0,1.0,-0.0,,0.0,1.0,17
9942,2020-04-06 19:15:00,8.0,5.0,10.0,,8.0,,17
9971,2020-04-06 19:35:00,5.0,9.0,1.0,,2.0,,17
13378,2020-04-06 20:00:00,0.0,0.0,0.0,,1.0,0.0,17
13367,2020-04-06 20:05:00,1.0,0.0,1.0,,0.0,0.0,17
9832,2020-04-06 20:30:00,2.0,10.0,0.0,,0.0,,17
9929,2020-04-06 20:50:00,8.0,7.0,9.0,,10.0,,17
9903,2020-04-06 21:05:00,5.0,9.0,0.0,,7.0,,17
9926,2020-04-06 21:30:00,9.0,9.0,9.0,,10.0,,17
9857,2020-04-06 22:30:00,10.0,4.0,0.0,,5.0,,17
9880,2020-04-06 23:45:00,7.0,2.0,10.0,,0.0,,17
10007,2020-04-07 00:15:00,10.0,0.0,10.0,,2.0,1.0,17
9928,2020-04-07 00:15:00,6.0,10.0,4.0,,3.0,,17
9818,2020-04-07 00:30:00,4.0,0.0,9.0,,0.0,,17
9791,2020-04-07 01:30:00,3.0,10.0,1.0,,1.0,,17
9809,2020-04-07 02:25:00,10.0,3.0,0.0,,5.0,,17
10006,2020-04-07 02:45:00,5.0,5.0,5.0,,10.0,,17
9883,2020-04-07 03:00:00,10.0,8.0,10.0,,0.0,0.0,17
9856,2020-04-07 03:50:00,9.0,9.0,6.0,,10.0,1.0,17
9898,2020-04-07 03:55:00,0.0,5.0,0.0,,3.0,,17
9892,2020-04-07 04:00:00,10.0,6.0,8.0,,2.0,,17
9838,2020-04-07 04:00:00,2.0,3.0,7.0,,0.0,1.0,17
9990,2020-04-07 05:35:00,1.0,8.0,10.0,2.0,10.0,,17
9891,2020-04-07 06:15:00,8.0,1.0,9.0,,4.0,,17
9947,2020-04-07 06:15:00,9.0,4.0,8.0,,10.0,,17
9885,2020-04-07 06:35:00,2.0,0.0,7.0,,5.0,1.0,17
9988,2020-04-07 07:45:00,4.0,4.0,3.0,,4.0,,17
9848,2020-04-07 08:30:00,8.0,9.0,2.0,,0.0,,17
9833,2020-04-07 08:45:00,9.0,5.0,10.0,,1.0,1.0,17
9963,2020-04-07 09:10:00,5.0,7.0,10.0,,0.0,0.0,17
9797,2020-04-07 09:40:00,4.0,6.0,3.0,,8.0,,17
9904,2020-04-07 11:05:00,3.0,5.0,10.0,,10.0,1.0,17
9997,2020-04-07 11:15:00,6.0,4.0,9.0,,9.0,,17
9995,2020-04-07 12:55:00,4.0,1.0,5.0,,5.0,,17
9910,2020-04-07 13:45:00,10.0,8.0,10.0,2.0,1.0,,17
9799,2020-04-07 13:55:00,0.0,10.0,7.0,,9.0,,17
9867,2020-04-07 14:10:00,4.0,8.0,1.0,,4.0,,17
9991,2020-04-07 14:25:00,2.0,10.0,10.0,,10.0,,17
9965,2020-04-07 14:40:00,4.0,1.0,2.0,,3.0,,17
9994,2020-04-07 14:40:00,1.0,1.0,3.0,,7.0,,17
9852,2020-04-07 15:05:00,2.0,0.0,1.0,,9.0,,17
9815,2020-04-07 15:05:00,8.0,9.0,9.0,,10.0,,17
9873,2020-04-07 15:55:00,7.0,8.0,1.0,,3.0,,17
9788,2020-04-07 16:35:00,6.0,4.0,10.0,,10.0,,17
9917,2020-04-07 17:00:00,2.0,5.0,9.0,,9.0,,17
9957,2020-04-07 17:05:00,9.0,3.0,0.0,,0.0,,17
9844,2020-04-07 17:15:00,1.0,7.0,9.0,,5.0,,17
9858,2020-04-07 17:15:00,5.0,6.0,10.0,,3.0,,17
9881,2020-04-07 17:35:00,9.0,10.0,7.0,,9.0,,17
9890,2020-04-07 18:20:00,9.0,9.0,7.0,,1.0,1.0,17
9900,2020-04-07 19:40:00,10.0,3.0,10.0,,10.0,,17
9989,2020-04-07 20:35:00,4.0,3.0,4.0,,10.0,,17
9919,2020-04-07 21:40:00,4.0,10.0,6.0,,10.0,,17
9819,2020-04-07 21:45:00,8.0,1.0,9.0,,8.0,,17
9893,2020-04-07 21:50:00,7.0,8.0,10.0,,4.0,,17
10011,2020-04-07 22:50:00,5.0,10.0,1.0,,7.0,,17
9977,2020-04-07 23:10:00,6.0,9.0,10.0,,3.0,,17
9879,2020-04-07 23:15:00,3.0,5.0,5.0,,2.0,,17
9950,2020-04-07 23:35:00,8.0,3.0,2.0,,4.0,,17
9804,2020-04-07 23:45:00,10.0,7.0,9.0,,7.0,,17
9817,2020-04-07 23:55:00,10.0,5.0,2.0,,10.0,,17
9792,2020-04-08 01:00:00,10.0,2.0,10.0,,9.0,,17
9846,2020-04-08 01:05:00,3.0,4.0,10.0,,4.0,1.0,17
10002,2020-04-08 01:10:00,4.0,0.0,9.0,,3.0,,17
9944,2020-04-08 01:15:00,8.0,6.0,0.0,,9.0,,17
9837,2020-04-08 01:20:00,5.0,6.0,10.0,,10.0,,17
9845,2020-04-08 01:40:00,3.0,10.0,1.0,,5.0,,17
9793,2020-04-08 01:50:00,10.0,0.0,0.0,,4.0,,17
9964,2020-04-08 02:45:00,0.0,8.0,7.0,,0.0,,17
9953,2020-04-08 03:55:00,2.0,3.0,10.0,,6.0,,17
9976,2020-04-08 04:30:00,7.0,10.0,4.0,,0.0,,17
9937,2020-04-08 05:20:00,0.0,8.0,2.0,,1.0,,17
9961,2020-04-08 05:40:00,0.0,1.0,4.0,,10.0,,17
9921,2020-04-08 06:15:00,4.0,10.0,0.0,,5.0,,17
9798,2020-04-08 06:40:00,7.0,3.0,4.0,,8.0,,17
9789,2020-04-08 06:45:00,8.0,9.0,4.0,,4.0,,17
9901,2020-04-08 06:55:00,2.0,6.0,6.0,,10.0,1.0,17
9948,2020-04-08 07:25:00,7.0,3.0,2.0,,10.0,,17
9863,2020-04-08 07:50:00,0.0,6.0,4.0,,8.0,,17
9980,2020-04-08 08:00:00,3.0,7.0,4.0,,4.0,,17
46274,2020-04-08 08:35:00,1.0,8.0,6.0,,3.0,2.0,17
45783,2020-04-08 08:35:00,2.0,9.0,6.0,,4.0,2.0,17
46416,2020-04-08 08:35:00,1.0,5.0,7.0,,2.0,2.0,17
46800,2020-04-08 08:35:00,1.0,7.0,5.0,,4.0,3.0,17
46518,2020-04-08 08:35:00,1.0,9.0,5.0,,3.0,2.0,17
46792,2020-04-08 08:35:00,1.0,6.0,7.0,,3.0,2.0,17
46135,2020-04-08 08:35:00,1.0,7.0,7.0,,3.0,1.0,17
46095,2020-04-08 08:35:00,2.0,7.0,5.0,,3.0,2.0,17
46477,2020-04-08 08:40:00,-0.0,5.0,6.0,,3.0,1.0,17
46746,2020-04-08 08:40:00,0.0,8.0,6.0,,4.0,3.0,17
46164,2020-04-08 08:40:00,0.0,8.0,5.0,,2.0,3.0,17
46762,2020-04-08 08:40:00,0.0,7.0,6.0,,3.0,2.0,17
46372,2020-04-08 08:40:00,-0.0,6.0,6.0,,3.0,1.0,17
46067,2020-04-08 08:40:00,1.0,9.0,6.0,,3.0,2.0,17
46145,2020-04-08 08:40:00,-0.0,7.0,6.0,,4.0,2.0,17
46251,2020-04-08 08:40:00,2.0,8.0,6.0,,3.0,1.0,17
46281,2020-04-08 08:40:00,2.0,8.0,6.0,,3.0,2.0,17
46040,2020-04-08 08:40:00,0.0,7.0,6.0,,3.0,3.0,17
46029,2020-04-08 08:40:00,2.0,6.0,6.0,,2.0,2.0,17
46002,2020-04-08 08:40:00,0.0,6.0,6.0,,3.0,1.0,17
45981,2020-04-08 08:40:00,1.0,6.0,6.0,,4.0,1.0,17
46317,2020-04-08 08:40:00,2.0,8.0,5.0,,3.0,3.0,17
45900,2020-04-08 08:40:00,1.0,7.0,6.0,,4.0,2.0,17
46371,2020-04-08 08:40:00,2.0,7.0,6.0,,4.0,3.0,17
45988,2020-04-08 08:40:00,0.0,7.0,6.0,,3.0,1.0,17
46471,2020-04-08 08:45:00,1.0,8.0,5.0,,3.0,2.0,17
46752,2020-04-08 08:45:00,2.0,7.0,6.0,,4.0,2.0,17
46647,2020-04-08 08:45:00,0.0,7.0,6.0,,3.0,4.0,17
46045,2020-04-08 08:45:00,1.0,7.0,6.0,,3.0,2.0,17
9826,2020-04-08 08:45:00,4.0,8.0,6.0,,10.0,,17
46511,2020-04-08 08:45:00,0.0,6.0,6.0,,3.0,2.0,17
46691,2020-04-08 08:45:00,-0.0,8.0,5.0,,3.0,3.0,17
46545,2020-04-08 08:45:00,0.0,8.0,6.0,,2.0,3.0,17
46262,2020-04-08 08:45:00,1.0,7.0,6.0,,3.0,1.0,17
46041,2020-04-08 08:45:00,1.0,6.0,7.0,,4.0,2.0,17
45884,2020-04-08 08:45:00,-0.0,7.0,7.0,,4.0,2.0,17
46776,2020-04-08 08:45:00,0.0,7.0,6.0,,4.0,2.0,17
45932,2020-04-08 08:45:00,0.0,7.0,7.0,,2.0,4.0,17
45873,2020-04-08 08:45:00,1.0,7.0,6.0,,3.0,3.0,17
46589,2020-04-08 08:45:00,2.0,7.0,6.0,,3.0,3.0,17
46587,2020-04-08 08:45:00,1.0,8.0,5.0,,4.0,2.0,17
46816,2020-04-08 08:45:00,1.0,9.0,7.0,,3.0,1.0,17
46057,2020-04-08 08:45:00,1.0,6.0,7.0,,2.0,2.0,17
46189,2020-04-08 08:45:00,1.0,7.0,8.0,,2.0,2.0,17
46576,2020-04-08 08:45:00,1.0,7.0,6.0,,4.0,2.0,17
46032,2020-04-08 08:45:00,1.0,8.0,6.0,,3.0,3.0,17
46566,2020-04-08 08:45:00,2.0,7.0,5.0,,3.0,2.0,17
45810,2020-04-08 08:45:00,1.0,6.0,5.0,,4.0,2.0,17
45798,2020-04-08 08:45:00,1.0,8.0,6.0,,3.0,1.0,17
46516,2020-04-08 08:45:00,1.0,6.0,6.0,,3.0,1.0,17
46061,2020-04-08 08:50:00,0.0,6.0,6.0,,3.0,3.0,17
46722,2020-04-08 08:50:00,1.0,7.0,5.0,10.0,2.0,1.0,17
46082,2020-04-08 08:50:00,1.0,7.0,5.0,,4.0,3.0,17
46118,2020-04-08 08:50:00,2.0,7.0,7.0,,3.0,2.0,17
46130,2020-04-08 08:50:00,1.0,7.0,7.0,,3.0,2.0,17
46237,2020-04-08 08:50:00,1.0,7.0,7.0,,4.0,2.0,17
46185,2020-04-08 08:50:00,0.0,8.0,6.0,,2.0,2.0,17
46572,2020-04-08 08:50:00,0.0,8.0,6.0,,4.0,1.0,17
46063,2020-04-08 08:50:00,1.0,7.0,6.0,,3.0,3.0,17
46599,2020-04-08 08:50:00,1.0,8.0,6.0,,2.0,3.0,17
46648,2020-04-08 08:50:00,1.0,6.0,7.0,,2.0,2.0,17
46022,2020-04-08 08:50:00,-0.0,6.0,6.0,,3.0,2.0,17
46495,2020-04-08 08:50:00,1.0,6.0,5.0,,4.0,2.0,17
45841,2020-04-08 08:50:00,0.0,8.0,5.0,,3.0,2.0,17
46503,2020-04-08 08:50:00,1.0,6.0,6.0,,3.0,2.0,17
45848,2020-04-08 08:50:00,1.0,7.0,6.0,,3.0,2.0,17
45851,2020-04-08 08:50:00,1.0,7.0,7.0,,4.0,2.0,17
45854,2020-04-08 08:50:00,1.0,6.0,7.0,,3.0,2.0,17
45863,2020-04-08 08:50:00,-0.0,6.0,7.0,,1.0,1.0,17
45865,2020-04-08 08:50:00,1.0,7.0,6.0,,4.0,2.0,17
46534,2020-04-08 08:50:00,1.0,6.0,5.0,,3.0,2.0,17
45868,2020-04-08 08:50:00,2.0,7.0,5.0,,3.0,3.0,17
46697,2020-04-08 08:50:00,1.0,7.0,6.0,,3.0,2.0,17
45911,2020-04-08 08:50:00,1.0,6.0,7.0,,3.0,2.0,17
45912,2020-04-08 08:50:00,1.0,6.0,5.0,,3.0,3.0,17
45927,2020-04-08 08:50:00,2.0,8.0,5.0,,2.0,2.0,17
45937,2020-04-08 08:50:00,1.0,7.0,7.0,,3.0,3.0,17
46329,2020-04-08 08:50:00,1.0,7.0,6.0,,1.0,2.0,17
46318,2020-04-08 08:50:00,1.0,7.0,6.0,,3.0,2.0,17
46637,2020-04-08 08:50:00,0.0,6.0,6.0,,3.0,4.0,17
46353,2020-04-08 08:50:00,1.0,6.0,7.0,,5.0,3.0,17
46335,2020-04-08 08:50:00,0.0,7.0,5.0,,3.0,1.0,17
46222,2020-04-08 08:50:00,1.0,7.0,6.0,,3.0,2.0,17
46393,2020-04-08 08:50:00,1.0,7.0,6.0,,2.0,2.0,17
46758,2020-04-08 08:50:00,0.0,7.0,8.0,,3.0,2.0,17
46409,2020-04-08 08:50:00,1.0,8.0,6.0,,3.0,2.0,17
46756,2020-04-08 08:50:00,1.0,8.0,5.0,,2.0,3.0,17
46404,2020-04-08 08:50:00,0.0,7.0,5.0,,2.0,2.0,17
46748,2020-04-08 08:50:00,0.0,8.0,6.0,,2.0,2.0,17
46750,2020-04-08 08:50:00,0.0,7.0,6.0,,3.0,1.0,17
46505,2020-04-08 08:55:00,-0.0,6.0,6.0,,3.0,1.0,17
46504,2020-04-08 08:55:00,1.0,7.0,6.0,,3.0,2.0,17
46631,2020-04-08 08:55:00,1.0,7.0,5.0,,4.0,3.0,17
46632,2020-04-08 08:55:00,1.0,7.0,5.0,,2.0,3.0,17
45794,2020-04-08 08:55:00,0.0,6.0,6.0,,3.0,3.0,17
46302,2020-04-08 08:55:00,0.0,7.0,7.0,,2.0,2.0,17
45860,2020-04-08 08:55:00,1.0,7.0,5.0,,4.0,0.0,17
46370,2020-04-08 08:55:00,1.0,5.0,6.0,,3.0,2.0,17
45861,2020-04-08 08:55:00,1.0,6.0,6.0,,4.0,1.0,17
46774,2020-04-08 08:55:00,1.0,8.0,6.0,,2.0,1.0,17
45800,2020-04-08 08:55:00,1.0,6.0,6.0,,3.0,2.0,17
46798,2020-04-08 08:55:00,1.0,7.0,5.0,,5.0,2.0,17
45961,2020-04-08 08:55:00,-0.0,7.0,6.0,,3.0,2.0,17
45950,2020-04-08 08:55:00,2.0,7.0,6.0,,3.0,1.0,17
46297,2020-04-08 08:55:00,2.0,6.0,5.0,0.0,3.0,1.0,17
45805,2020-04-08 08:55:00,1.0,7.0,6.0,,4.0,2.0,17
46789,2020-04-08 08:55:00,1.0,7.0,5.0,,4.0,1.0,17
46775,2020-04-08 08:55:00,1.0,7.0,6.0,9.0,3.0,2.0,17
46681,2020-04-08 08:55:00,1.0,6.0,6.0,,3.0,2.0,17
46420,2020-04-08 08:55:00,-0.0,7.0,6.0,,3.0,2.0,17
45926,2020-04-08 08:55:00,1.0,8.0,7.0,,3.0,2.0,17
45904,2020-04-08 08:55:00,0.0,7.0,6.0,,2.0,2.0,17
46779,2020-04-08 08:55:00,1.0,7.0,6.0,,3.0,2.0,17
46039,2020-04-08 08:55:00,1.0,8.0,7.0,,3.0,2.0,17
46298,2020-04-08 08:55:00,1.0,7.0,6.0,,3.0,3.0,17
45832,2020-04-08 08:55:00,2.0,7.0,6.0,,5.0,1.0,17
46590,2020-04-08 08:55:00,1.0,7.0,7.0,,3.0,3.0,17
46136,2020-04-08 08:55:00,0.0,6.0,5.0,,3.0,1.0,17
46458,2020-04-08 08:55:00,1.0,8.0,7.0,,3.0,2.0,17
46257,2020-04-08 08:55:00,1.0,8.0,6.0,,3.0,1.0,17
46838,2020-04-08 08:55:00,1.0,8.0,7.0,,3.0,2.0,17
46402,2020-04-08 08:55:00,1.0,7.0,7.0,,3.0,2.0,17
46191,2020-04-08 08:55:00,1.0,7.0,6.0,,3.0,2.0,17
46579,2020-04-08 08:55:00,1.0,7.0,7.0,,3.0,2.0,17
46822,2020-04-08 08:55:00,1.0,7.0,5.0,,3.0,3.0,17
46743,2020-04-08 08:55:00,2.0,7.0,6.0,,3.0,2.0,17
46077,2020-04-08 08:55:00,1.0,7.0,5.0,,2.0,1.0,17
46607,2020-04-08 08:55:00,0.0,6.0,6.0,,2.0,1.0,17
46071,2020-04-08 08:55:00,1.0,6.0,7.0,,3.0,-0.0,17
46070,2020-04-08 08:55:00,0.0,7.0,7.0,,2.0,3.0,17
9836,2020-04-08 08:55:00,6.0,5.0,6.0,,5.0,1.0,17
46539,2020-04-08 08:55:00,2.0,7.0,7.0,,2.0,1.0,17
45894,2020-04-08 09:00:00,0.0,8.0,5.0,,4.0,2.0,17
46571,2020-04-08 09:00:00,2.0,7.0,5.0,,3.0,3.0,17
46570,2020-04-08 09:00:00,1.0,7.0,5.0,,3.0,3.0,17
46173,2020-04-08 09:00:00,0.0,6.0,5.0,,3.0,0.0,17
45893,2020-04-08 09:00:00,0.0,7.0,6.0,,4.0,3.0,17
46840,2020-04-08 09:00:00,2.0,7.0,5.0,,3.0,2.0,17
46771,2020-04-08 09:00:00,-0.0,8.0,6.0,,3.0,3.0,17
46047,2020-04-08 09:00:00,1.0,7.0,5.0,,2.0,2.0,17
46685,2020-04-08 09:00:00,0.0,8.0,5.0,,2.0,2.0,17
46836,2020-04-08 09:00:00,2.0,7.0,6.0,,3.0,2.0,17
46811,2020-04-08 09:00:00,2.0,6.0,6.0,,2.0,1.0,17
46129,2020-04-08 09:00:00,1.0,7.0,5.0,,4.0,2.0,17
45960,2020-04-08 09:00:00,-0.0,8.0,6.0,,2.0,1.0,17
46605,2020-04-08 09:00:00,1.0,7.0,5.0,,4.0,2.0,17
46083,2020-04-08 09:00:00,0.0,7.0,6.0,,3.0,2.0,17
46656,2020-04-08 09:00:00,1.0,8.0,6.0,,3.0,3.0,17
45990,2020-04-08 09:00:00,2.0,8.0,7.0,,2.0,3.0,17
46006,2020-04-08 09:00:00,2.0,7.0,6.0,,3.0,2.0,17
46300,2020-04-08 09:00:00,1.0,7.0,6.0,,3.0,2.0,17
46469,2020-04-08 09:00:00,1.0,7.0,6.0,,3.0,2.0,17
45944,2020-04-08 09:00:00,3.0,7.0,5.0,,3.0,2.0,17
46804,2020-04-08 09:00:00,0.0,6.0,8.0,,2.0,2.0,17
45815,2020-04-08 09:00:00,1.0,7.0,6.0,,3.0,3.0,17
46738,2020-04-08 09:00:00,2.0,7.0,5.0,,3.0,2.0,17
45796,2020-04-08 09:00:00,1.0,7.0,6.0,,4.0,3.0,17
46718,2020-04-08 09:00:00,1.0,7.0,6.0,,2.0,3.0,17
46747,2020-04-08 09:00:00,1.0,7.0,6.0,,2.0,2.0,17
46490,2020-04-08 09:00:00,1.0,7.0,5.0,,1.0,3.0,17
45820,2020-04-08 09:00:00,1.0,6.0,6.0,,3.0,3.0,17
45821,2020-04-08 09:00:00,0.0,6.0,7.0,,2.0,3.0,17
45871,2020-04-08 09:05:00,2.0,6.0,6.0,,3.0,3.0,17
45818,2020-04-08 09:05:00,2.0,7.0,6.0,,2.0,2.0,17
46190,2020-04-08 09:05:00,1.0,7.0,5.0,,3.0,3.0,17
46557,2020-04-08 09:05:00,2.0,7.0,6.0,,4.0,2.0,17
46374,2020-04-08 09:05:00,1.0,7.0,6.0,,3.0,2.0,17
46172,2020-04-08 09:05:00,0.0,9.0,6.0,,2.0,1.0,17
46340,2020-04-08 09:05:00,1.0,5.0,5.0,,4.0,2.0,17
46786,2020-04-08 09:05:00,1.0,7.0,5.0,,1.0,2.0,17
46695,2020-04-08 09:05:00,1.0,6.0,6.0,,3.0,2.0,17
46151,2020-04-08 09:05:00,2.0,8.0,6.0,,3.0,2.0,17
46148,2020-04-08 09:05:00,1.0,8.0,5.0,,4.0,2.0,17
46248,2020-04-08 09:05:00,1.0,8.0,6.0,,4.0,1.0,17
46633,2020-04-08 09:05:00,1.0,7.0,5.0,,3.0,2.0,17
46673,2020-04-08 09:05:00,0.0,7.0,5.0,,4.0,3.0,17
46827,2020-04-08 09:05:00,1.0,6.0,5.0,,4.0,1.0,17
46626,2020-04-08 09:05:00,2.0,7.0,5.0,,3.0,1.0,17
46050,2020-04-08 09:05:00,2.0,7.0,6.0,,3.0,2.0,17
46629,2020-04-08 09:05:00,1.0,7.0,6.0,,2.0,1.0,17
46028,2020-04-08 09:05:00,1.0,6.0,6.0,,3.0,2.0,17
46016,2020-04-08 09:05:00,0.0,7.0,6.0,,3.0,1.0,17
46013,2020-04-08 09:05:00,1.0,7.0,7.0,,1.0,4.0,17
45870,2020-04-08 09:05:00,0.0,8.0,5.0,,3.0,2.0,17
46306,2020-04-08 09:05:00,2.0,7.0,7.0,,3.0,2.0,17
46823,2020-04-08 09:05:00,2.0,6.0,6.0,9.0,2.0,3.0,17
46273,2020-04-08 09:05:00,1.0,7.0,7.0,,2.0,3.0,17
46824,2020-04-08 09:05:00,1.0,7.0,6.0,,1.0,2.0,17
46662,2020-04-08 09:05:00,2.0,7.0,6.0,,3.0,2.0,17
46326,2020-04-08 09:05:00,-0.0,7.0,6.0,,4.0,2.0,17
45955,2020-04-08 09:05:00,-0.0,6.0,6.0,,4.0,2.0,17
46645,2020-04-08 09:05:00,-0.0,7.0,6.0,,2.0,2.0,17
46198,2020-04-08 09:05:00,2.0,7.0,6.0,,3.0,1.0,17
46043,2020-04-08 09:05:00,1.0,6.0,6.0,,4.0,2.0,17
46772,2020-04-08 09:05:00,1.0,8.0,6.0,,2.0,2.0,17
46358,2020-04-08 09:05:00,0.0,7.0,7.0,,3.0,3.0,17
45824,2020-04-08 09:05:00,2.0,6.0,7.0,,3.0,1.0,17
46206,2020-04-08 09:05:00,1.0,7.0,6.0,,3.0,2.0,17
46200,2020-04-08 09:05:00,1.0,8.0,7.0,,2.0,2.0,17
46391,2020-04-08 09:05:00,3.0,8.0,6.0,,3.0,2.0,17
46498,2020-04-08 09:05:00,1.0,6.0,7.0,,2.0,2.0,17
46414,2020-04-08 09:05:00,2.0,7.0,7.0,,3.0,2.0,17
46717,2020-04-08 09:05:00,1.0,8.0,7.0,,4.0,2.0,17
45833,2020-04-08 09:05:00,0.0,8.0,6.0,,3.0,2.0,17
46108,2020-04-08 09:10:00,1.0,8.0,6.0,,3.0,3.0,17
46072,2020-04-08 09:10:00,0.0,8.0,7.0,,3.0,1.0,17
46097,2020-04-08 09:10:00,1.0,7.0,6.0,,3.0,2.0,17
46121,2020-04-08 09:10:00,1.0,8.0,5.0,,4.0,2.0,17
46030,2020-04-08 09:10:00,2.0,6.0,6.0,,3.0,2.0,17
46327,2020-04-08 09:10:00,2.0,6.0,7.0,,4.0,2.0,17
46530,2020-04-08 09:10:00,2.0,7.0,6.0,,4.0,3.0,17
46303,2020-04-08 09:10:00,1.0,7.0,7.0,,3.0,2.0,17
46114,2020-04-08 09:10:00,0.0,7.0,7.0,,3.0,2.0,17
46115,2020-04-08 09:10:00,1.0,6.0,6.0,,3.0,1.0,17
46158,2020-04-08 09:10:00,-0.0,7.0,6.0,,2.0,1.0,17
46154,2020-04-08 09:10:00,1.0,6.0,6.0,,2.0,3.0,17
46285,2020-04-08 09:10:00,1.0,6.0,5.0,,3.0,3.0,17
46174,2020-04-08 09:10:00,1.0,7.0,6.0,,2.0,3.0,17
45891,2020-04-08 09:10:00,-0.0,7.0,7.0,,3.0,4.0,17
46801,2020-04-08 09:10:00,2.0,8.0,8.0,,3.0,2.0,17
46593,2020-04-08 09:10:00,2.0,7.0,6.0,,2.0,2.0,17
46430,2020-04-08 09:10:00,2.0,7.0,5.0,,2.0,4.0,17
46563,2020-04-08 09:10:00,2.0,8.0,5.0,,3.0,2.0,17
46396,2020-04-08 09:10:00,1.0,7.0,7.0,,2.0,3.0,17
46232,2020-04-08 09:10:00,1.0,7.0,6.0,,3.0,3.0,17
46144,2020-04-08 09:10:00,2.0,8.0,6.0,,4.0,3.0,17
46582,2020-04-08 09:10:00,-0.0,7.0,5.0,,4.0,1.0,17
46501,2020-04-08 09:10:00,1.0,7.0,6.0,,3.0,3.0,17
46299,2020-04-08 09:10:00,1.0,6.0,5.0,,3.0,3.0,17
46598,2020-04-08 09:10:00,0.0,7.0,6.0,,5.0,1.0,17
45987,2020-04-08 09:10:00,0.0,8.0,6.0,,3.0,1.0,17
45986,2020-04-08 09:10:00,1.0,7.0,7.0,,3.0,3.0,17
46287,2020-04-08 09:10:00,0.0,8.0,6.0,,3.0,2.0,17
46496,2020-04-08 09:10:00,-0.0,6.0,6.0,,5.0,3.0,17
46123,2020-04-08 09:10:00,0.0,7.0,6.0,,3.0,2.0,17
45947,2020-04-08 09:10:00,2.0,7.0,5.0,,2.0,0.0,17
46270,2020-04-08 09:10:00,1.0,7.0,6.0,,4.0,2.0,17
46339,2020-04-08 09:10:00,1.0,7.0,5.0,,2.0,3.0,17
46751,2020-04-08 09:15:00,2.0,6.0,7.0,,2.0,3.0,17
46127,2020-04-08 09:15:00,2.0,7.0,5.0,1.0,3.0,3.0,17
46452,2020-04-08 09:15:00,0.0,8.0,5.0,,3.0,2.0,17
46131,2020-04-08 09:15:00,-0.0,7.0,6.0,,3.0,2.0,17
46120,2020-04-08 09:15:00,1.0,7.0,6.0,,3.0,2.0,17
46514,2020-04-08 09:15:00,0.0,6.0,5.0,,3.0,1.0,17
46410,2020-04-08 09:15:00,0.0,7.0,4.0,,3.0,2.0,17
46264,2020-04-08 09:15:00,2.0,7.0,5.0,,3.0,3.0,17
46601,2020-04-08 09:15:00,0.0,7.0,5.0,,3.0,2.0,17
45967,2020-04-08 09:15:00,1.0,6.0,7.0,,2.0,2.0,17
46523,2020-04-08 09:15:00,2.0,8.0,6.0,10.0,1.0,3.0,17
46272,2020-04-08 09:15:00,1.0,8.0,6.0,,4.0,1.0,17
45985,2020-04-08 09:15:00,2.0,5.0,7.0,,4.0,2.0,17
46740,2020-04-08 09:15:00,1.0,8.0,6.0,,3.0,2.0,17
46312,2020-04-08 09:15:00,-0.0,7.0,5.0,,2.0,1.0,17
46493,2020-04-08 09:15:00,2.0,7.0,6.0,,2.0,2.0,17
46088,2020-04-08 09:15:00,1.0,7.0,6.0,,3.0,1.0,17
45839,2020-04-08 09:15:00,2.0,6.0,5.0,,4.0,2.0,17
46276,2020-04-08 09:15:00,1.0,8.0,5.0,,2.0,1.0,17
46413,2020-04-08 09:15:00,1.0,7.0,6.0,,2.0,2.0,17
46547,2020-04-08 09:15:00,2.0,7.0,6.0,,4.0,2.0,17
46464,2020-04-08 09:15:00,1.0,7.0,6.0,,5.0,2.0,17
46080,2020-04-08 09:15:00,-0.0,8.0,6.0,,4.0,2.0,17
46054,2020-04-08 09:15:00,1.0,7.0,6.0,,2.0,2.0,17
46552,2020-04-08 09:15:00,1.0,6.0,7.0,,3.0,1.0,17
46357,2020-04-08 09:15:00,3.0,7.0,6.0,,2.0,2.0,17
45889,2020-04-08 09:15:00,1.0,6.0,6.0,,2.0,1.0,17
46507,2020-04-08 09:15:00,1.0,8.0,6.0,,3.0,1.0,17
45896,2020-04-08 09:15:00,1.0,8.0,6.0,,3.0,3.0,17
46212,2020-04-08 09:15:00,3.0,8.0,5.0,,4.0,2.0,17
9854,2020-04-08 09:15:00,6.0,5.0,1.0,,7.0,,17
45831,2020-04-08 09:15:00,3.0,7.0,5.0,,4.0,2.0,17
46555,2020-04-08 09:15:00,1.0,7.0,6.0,,3.0,2.0,17
46378,2020-04-08 09:15:00,-0.0,7.0,6.0,,3.0,1.0,17
46291,2020-04-08 09:15:00,1.0,7.0,8.0,,3.0,0.0,17
46787,2020-04-08 09:15:00,1.0,8.0,5.0,,3.0,2.0,17
46702,2020-04-08 09:15:00,1.0,7.0,6.0,,3.0,3.0,17
46569,2020-04-08 09:15:00,2.0,6.0,7.0,,3.0,1.0,17
46727,2020-04-08 09:15:00,2.0,7.0,5.0,,3.0,3.0,17
45899,2020-04-08 09:15:00,-0.0,6.0,6.0,,4.0,1.0,17
46310,2020-04-08 09:15:00,-0.0,5.0,5.0,,3.0,1.0,17
46249,2020-04-08 09:15:00,2.0,7.0,7.0,,2.0,2.0,17
46159,2020-04-08 09:15:00,1.0,6.0,6.0,,3.0,1.0,17
45974,2020-04-08 09:20:00,1.0,6.0,6.0,,3.0,3.0,17
46408,2020-04-08 09:20:00,1.0,8.0,5.0,,2.0,1.0,17
46321,2020-04-08 09:20:00,1.0,7.0,6.0,,3.0,2.0,17
46708,2020-04-08 09:20:00,1.0,6.0,5.0,,2.0,2.0,17
46806,2020-04-08 09:20:00,1.0,6.0,6.0,,3.0,3.0,17
46351,2020-04-08 09:20:00,1.0,7.0,6.0,,3.0,1.0,17
45830,2020-04-08 09:20:00,1.0,7.0,6.0,,4.0,2.0,17
46049,2020-04-08 09:20:00,0.0,7.0,7.0,,3.0,2.0,17
46491,2020-04-08 09:20:00,2.0,7.0,7.0,,3.0,2.0,17
45828,2020-04-08 09:20:00,1.0,7.0,5.0,,2.0,2.0,17
46526,2020-04-08 09:20:00,2.0,8.0,6.0,,3.0,2.0,17
46226,2020-04-08 09:20:00,1.0,6.0,6.0,,4.0,2.0,17
46277,2020-04-08 09:20:00,1.0,6.0,6.0,,3.0,3.0,17
46354,2020-04-08 09:20:00,1.0,6.0,6.0,,4.0,3.0,17
46706,2020-04-08 09:20:00,1.0,6.0,5.0,,3.0,2.0,17
46171,2020-04-08 09:20:00,1.0,8.0,6.0,,3.0,1.0,17
46679,2020-04-08 09:20:00,1.0,9.0,6.0,,3.0,1.0,17
46021,2020-04-08 09:20:00,1.0,8.0,6.0,,3.0,2.0,17
46488,2020-04-08 09:20:00,1.0,8.0,7.0,,3.0,2.0,17
45834,2020-04-08 09:20:00,1.0,7.0,6.0,,3.0,3.0,17
45942,2020-04-08 09:20:00,1.0,7.0,6.0,,3.0,3.0,17
46253,2020-04-08 09:20:00,1.0,8.0,6.0,,3.0,1.0,17
45811,2020-04-08 09:20:00,3.0,7.0,6.0,,2.0,2.0,17
45850,2020-04-08 09:20:00,2.0,7.0,6.0,,3.0,2.0,17
46542,2020-04-08 09:20:00,-0.0,8.0,6.0,,2.0,3.0,17
46614,2020-04-08 09:20:00,2.0,7.0,6.0,,3.0,2.0,17
46331,2020-04-08 09:20:00,1.0,6.0,7.0,,3.0,2.0,17
46820,2020-04-08 09:20:00,2.0,8.0,5.0,,3.0,1.0,17
45919,2020-04-08 09:20:00,2.0,7.0,6.0,,4.0,2.0,17
46437,2020-04-08 09:20:00,2.0,7.0,4.0,,4.0,2.0,17
46381,2020-04-08 09:20:00,1.0,7.0,6.0,,3.0,2.0,17
46613,2020-04-08 09:20:00,1.0,6.0,4.0,,3.0,2.0,17
45910,2020-04-08 09:20:00,1.0,7.0,6.0,,2.0,2.0,17
45909,2020-04-08 09:20:00,3.0,6.0,5.0,,2.0,1.0,17
46161,2020-04-08 09:20:00,2.0,7.0,5.0,,3.0,2.0,17
46027,2020-04-08 09:20:00,3.0,7.0,7.0,,3.0,2.0,17
46592,2020-04-08 09:20:00,0.0,7.0,6.0,,3.0,3.0,17
46780,2020-04-08 09:20:00,1.0,6.0,6.0,,3.0,2.0,17
46153,2020-04-08 09:20:00,0.0,7.0,8.0,,2.0,3.0,17
46625,2020-04-08 09:25:00,2.0,7.0,7.0,,4.0,3.0,17
46369,2020-04-08 09:25:00,1.0,6.0,6.0,,3.0,2.0,17
46610,2020-04-08 09:25:00,1.0,6.0,5.0,,2.0,1.0,17
46278,2020-04-08 09:25:00,1.0,7.0,8.0,,3.0,2.0,17
46535,2020-04-08 09:25:00,1.0,7.0,7.0,,3.0,1.0,17
46644,2020-04-08 09:25:00,0.0,7.0,5.0,,4.0,3.0,17
46433,2020-04-08 09:25:00,1.0,7.0,6.0,,2.0,3.0,17
46199,2020-04-08 09:25:00,-0.0,8.0,7.0,,3.0,3.0,17
46474,2020-04-08 09:25:00,0.0,7.0,6.0,,4.0,2.0,17
46565,2020-04-08 09:25:00,1.0,6.0,7.0,,2.0,2.0,17
45877,2020-04-08 09:25:00,2.0,8.0,6.0,,2.0,3.0,17
46478,2020-04-08 09:25:00,1.0,7.0,6.0,,3.0,2.0,17
46210,2020-04-08 09:25:00,0.0,7.0,5.0,,4.0,3.0,17
46453,2020-04-08 09:25:00,1.0,8.0,6.0,,4.0,2.0,17
46176,2020-04-08 09:25:00,-0.0,6.0,5.0,,2.0,1.0,17
45895,2020-04-08 09:25:00,1.0,7.0,6.0,,3.0,3.0,17
46551,2020-04-08 09:25:00,1.0,7.0,5.0,,3.0,3.0,17
45902,2020-04-08 09:25:00,0.0,7.0,6.0,,3.0,1.0,17
46245,2020-04-08 09:25:00,2.0,7.0,6.0,,3.0,2.0,17
46155,2020-04-08 09:25:00,1.0,7.0,7.0,,3.0,2.0,17
46606,2020-04-08 09:25:00,2.0,7.0,6.0,,4.0,2.0,17
45921,2020-04-08 09:25:00,1.0,8.0,5.0,,3.0,3.0,17
45923,2020-04-08 09:25:00,0.0,7.0,6.0,,3.0,2.0,17
46147,2020-04-08 09:25:00,2.0,7.0,6.0,,5.0,2.0,17
46150,2020-04-08 09:25:00,1.0,6.0,7.0,,3.0,1.0,17
46215,2020-04-08 09:25:00,1.0,6.0,6.0,,3.0,2.0,17
46269,2020-04-08 09:25:00,1.0,7.0,6.0,,3.0,2.0,17
46267,2020-04-08 09:25:00,2.0,7.0,6.0,,4.0,3.0,17
46768,2020-04-08 09:25:00,-0.0,7.0,6.0,,3.0,0.0,17
45966,2020-04-08 09:25:00,1.0,7.0,6.0,,2.0,3.0,17
46462,2020-04-08 09:25:00,1.0,7.0,6.0,,3.0,2.0,17
46216,2020-04-08 09:25:00,0.0,7.0,7.0,,3.0,2.0,17
45802,2020-04-08 09:25:00,1.0,7.0,7.0,,3.0,1.0,17
46723,2020-04-08 09:25:00,2.0,7.0,6.0,,2.0,2.0,17
46749,2020-04-08 09:25:00,1.0,7.0,7.0,,2.0,3.0,17
46802,2020-04-08 09:25:00,2.0,9.0,7.0,,3.0,3.0,17
46140,2020-04-08 09:25:00,2.0,7.0,6.0,,2.0,2.0,17
45973,2020-04-08 09:25:00,1.0,7.0,6.0,,3.0,3.0,17
46604,2020-04-08 09:30:00,1.0,7.0,6.0,,3.0,1.0,17
46209,2020-04-08 09:30:00,0.0,7.0,7.0,,3.0,1.0,17
46194,2020-04-08 09:30:00,2.0,7.0,7.0,,3.0,1.0,17
46624,2020-04-08 09:30:00,1.0,6.0,6.0,,1.0,1.0,17
46213,2020-04-08 09:30:00,0.0,8.0,6.0,,3.0,3.0,17
46165,2020-04-08 09:30:00,1.0,7.0,5.0,,4.0,3.0,17
46835,2020-04-08 09:30:00,-0.0,7.0,6.0,,3.0,2.0,17
46211,2020-04-08 09:30:00,2.0,7.0,6.0,,4.0,3.0,17
46826,2020-04-08 09:30:00,0.0,7.0,6.0,,3.0,1.0,17
46540,2020-04-08 09:30:00,1.0,6.0,6.0,,2.0,1.0,17
46459,2020-04-08 09:30:00,1.0,8.0,6.0,,3.0,1.0,17
46184,2020-04-08 09:30:00,0.0,8.0,6.0,,2.0,3.0,17
46584,2020-04-08 09:30:00,1.0,6.0,6.0,,3.0,1.0,17
45880,2020-04-08 09:30:00,2.0,7.0,6.0,,3.0,2.0,17
46223,2020-04-08 09:30:00,2.0,6.0,6.0,,3.0,2.0,17
45984,2020-04-08 09:30:00,1.0,8.0,5.0,,3.0,2.0,17
45983,2020-04-08 09:30:00,1.0,8.0,5.0,,2.0,3.0,17
45964,2020-04-08 09:30:00,1.0,8.0,7.0,,3.0,2.0,17
46001,2020-04-08 09:30:00,2.0,9.0,6.0,,3.0,2.0,17
45801,2020-04-08 09:30:00,2.0,7.0,7.0,,2.0,2.0,17
46666,2020-04-08 09:30:00,1.0,6.0,6.0,,3.0,2.0,17
45953,2020-04-08 09:30:00,0.0,7.0,6.0,,3.0,2.0,17
46793,2020-04-08 09:30:00,1.0,8.0,6.0,,3.0,1.0,17
46425,2020-04-08 09:30:00,1.0,7.0,5.0,,4.0,1.0,17
45859,2020-04-08 09:30:00,1.0,7.0,8.0,,3.0,2.0,17
45793,2020-04-08 09:30:00,1.0,8.0,6.0,,2.0,1.0,17
46417,2020-04-08 09:30:00,2.0,7.0,5.0,,4.0,1.0,17
46466,2020-04-08 09:30:00,1.0,6.0,6.0,,4.0,1.0,17
46468,2020-04-08 09:30:00,0.0,7.0,7.0,,1.0,3.0,17
46784,2020-04-08 09:30:00,2.0,7.0,6.0,,4.0,0.0,17
45825,2020-04-08 09:30:00,2.0,7.0,5.0,,3.0,4.0,17
46628,2020-04-08 09:30:00,1.0,9.0,5.0,,3.0,2.0,17
46725,2020-04-08 09:30:00,0.0,8.0,6.0,,3.0,1.0,17
46699,2020-04-08 09:30:00,3.0,7.0,5.0,,3.0,1.0,17
45876,2020-04-08 09:30:00,1.0,8.0,5.0,,2.0,3.0,17
45826,2020-04-08 09:30:00,2.0,7.0,7.0,,2.0,2.0,17
46475,2020-04-08 09:35:00,1.0,7.0,6.0,,3.0,2.0,17
46686,2020-04-08 09:35:00,0.0,7.0,8.0,,1.0,1.0,17
46181,2020-04-08 09:35:00,2.0,6.0,7.0,,1.0,1.0,17
45976,2020-04-08 09:35:00,1.0,7.0,5.0,,3.0,2.0,17
46355,2020-04-08 09:35:00,1.0,8.0,7.0,,2.0,1.0,17
46476,2020-04-08 09:35:00,1.0,8.0,5.0,,3.0,2.0,17
46602,2020-04-08 09:35:00,1.0,7.0,7.0,,4.0,1.0,17
46204,2020-04-08 09:35:00,0.0,8.0,6.0,,3.0,1.0,17
46337,2020-04-08 09:35:00,3.0,6.0,7.0,,3.0,1.0,17
46553,2020-04-08 09:35:00,1.0,8.0,6.0,,3.0,1.0,17
46157,2020-04-08 09:35:00,0.0,6.0,6.0,,4.0,3.0,17
46170,2020-04-08 09:35:00,1.0,8.0,7.0,,2.0,2.0,17
46721,2020-04-08 09:35:00,2.0,7.0,6.0,,2.0,1.0,17
45867,2020-04-08 09:35:00,1.0,6.0,6.0,,2.0,2.0,17
46560,2020-04-08 09:35:00,1.0,6.0,7.0,,3.0,2.0,17
46515,2020-04-08 09:35:00,1.0,7.0,7.0,,3.0,2.0,17
46179,2020-04-08 09:35:00,2.0,7.0,5.0,,2.0,1.0,17
46512,2020-04-08 09:35:00,-0.0,7.0,6.0,,3.0,2.0,17
45827,2020-04-08 09:35:00,1.0,7.0,6.0,,3.0,2.0,17
46760,2020-04-08 09:35:00,1.0,8.0,6.0,,3.0,2.0,17
46064,2020-04-08 09:35:00,0.0,8.0,6.0,,4.0,2.0,17
46473,2020-04-08 09:35:00,1.0,6.0,6.0,,5.0,2.0,17
46705,2020-04-08 09:35:00,1.0,8.0,6.0,,2.0,2.0,17
46769,2020-04-08 09:35:00,0.0,7.0,7.0,,2.0,1.0,17
46618,2020-04-08 09:35:00,1.0,7.0,6.0,,4.0,1.0,17
46575,2020-04-08 09:40:00,1.0,8.0,7.0,7.0,3.0,1.0,17
46519,2020-04-08 09:40:00,-0.0,8.0,7.0,,3.0,1.0,17
46609,2020-04-08 09:40:00,0.0,7.0,6.0,,4.0,1.0,17
46266,2020-04-08 09:40:00,0.0,7.0,5.0,,2.0,2.0,17
46429,2020-04-08 09:40:00,1.0,7.0,7.0,,2.0,3.0,17
45940,2020-04-08 09:40:00,0.0,7.0,6.0,,4.0,1.0,17
46228,2020-04-08 09:40:00,1.0,7.0,6.0,,3.0,3.0,17
45968,2020-04-08 09:40:00,1.0,7.0,5.0,,3.0,1.0,17
46688,2020-04-08 09:40:00,1.0,8.0,5.0,,3.0,2.0,17
46671,2020-04-08 09:40:00,1.0,8.0,6.0,,4.0,2.0,17
45948,2020-04-08 09:40:00,1.0,6.0,5.0,,3.0,3.0,17
45844,2020-04-08 09:40:00,2.0,7.0,5.0,,3.0,2.0,17
46411,2020-04-08 09:40:00,2.0,7.0,6.0,,4.0,1.0,17
46268,2020-04-08 09:40:00,1.0,7.0,5.0,,3.0,2.0,17
45864,2020-04-08 09:40:00,1.0,6.0,7.0,,5.0,2.0,17
45925,2020-04-08 09:40:00,0.0,6.0,6.0,,3.0,3.0,17
45883,2020-04-08 09:40:00,1.0,6.0,6.0,,3.0,1.0,17
46755,2020-04-08 09:40:00,-0.0,7.0,4.0,,2.0,2.0,17
46313,2020-04-08 09:40:00,2.0,7.0,5.0,,3.0,2.0,17
46456,2020-04-08 09:40:00,2.0,7.0,7.0,,3.0,2.0,17
46238,2020-04-08 09:40:00,2.0,6.0,6.0,,3.0,2.0,17
45806,2020-04-08 09:40:00,1.0,7.0,5.0,,3.0,3.0,17
46531,2020-04-08 09:40:00,0.0,7.0,6.0,,1.0,1.0,17
45885,2020-04-08 09:40:00,1.0,8.0,6.0,,3.0,2.0,17
45970,2020-04-08 09:40:00,0.0,8.0,7.0,,3.0,4.0,17
45816,2020-04-08 09:40:00,1.0,7.0,6.0,,2.0,2.0,17
46044,2020-04-08 09:40:00,2.0,6.0,7.0,,2.0,2.0,17
45814,2020-04-08 09:40:00,1.0,7.0,7.0,,4.0,2.0,17
46703,2020-04-08 09:45:00,1.0,6.0,5.0,,3.0,3.0,17
46412,2020-04-08 09:45:00,1.0,7.0,6.0,,3.0,3.0,17
46246,2020-04-08 09:45:00,1.0,8.0,6.0,,2.0,1.0,17
46455,2020-04-08 09:45:00,0.0,7.0,7.0,,2.0,3.0,17
45917,2020-04-08 09:45:00,2.0,7.0,5.0,,3.0,3.0,17
45795,2020-04-08 09:45:00,1.0,8.0,5.0,,3.0,2.0,17
46777,2020-04-08 09:45:00,1.0,7.0,5.0,,2.0,2.0,17
46815,2020-04-08 09:45:00,0.0,7.0,7.0,,4.0,2.0,17
45907,2020-04-08 09:45:00,1.0,6.0,6.0,,3.0,2.0,17
45842,2020-04-08 09:45:00,2.0,8.0,6.0,,2.0,2.0,17
46352,2020-04-08 09:45:00,0.0,9.0,5.0,,3.0,1.0,17
45879,2020-04-08 09:45:00,-0.0,8.0,6.0,,2.0,3.0,17
46347,2020-04-08 09:45:00,1.0,7.0,7.0,,3.0,2.0,17
46482,2020-04-08 09:45:00,1.0,7.0,6.0,,4.0,1.0,17
46033,2020-04-08 09:45:00,0.0,6.0,5.0,,3.0,1.0,17
45836,2020-04-08 09:45:00,1.0,7.0,5.0,,4.0,2.0,17
45817,2020-04-08 09:45:00,1.0,6.0,7.0,,3.0,2.0,17
46020,2020-04-08 09:45:00,1.0,8.0,7.0,,2.0,0.0,17
46783,2020-04-08 09:45:00,2.0,8.0,7.0,,3.0,1.0,17
45956,2020-04-08 09:45:00,1.0,7.0,5.0,,3.0,2.0,17
45954,2020-04-08 09:45:00,1.0,7.0,5.0,,2.0,2.0,17
46641,2020-04-08 09:45:00,2.0,8.0,5.0,,3.0,2.0,17
46104,2020-04-08 09:45:00,1.0,8.0,5.0,,4.0,2.0,17
46664,2020-04-08 09:45:00,1.0,6.0,7.0,,3.0,3.0,17
46638,2020-04-08 09:45:00,-0.0,8.0,5.0,,2.0,2.0,17
46423,2020-04-08 09:45:00,2.0,8.0,7.0,,3.0,2.0,17
46007,2020-04-08 09:45:00,1.0,7.0,6.0,,4.0,3.0,17
46255,2020-04-08 09:45:00,1.0,7.0,6.0,,3.0,2.0,17
46701,2020-04-08 09:45:00,3.0,7.0,5.0,,2.0,3.0,17
46595,2020-04-08 09:45:00,-0.0,6.0,5.0,,3.0,2.0,17
45943,2020-04-08 09:45:00,2.0,6.0,6.0,,3.0,2.0,17
45857,2020-04-08 09:45:00,1.0,8.0,7.0,,2.0,2.0,17
46527,2020-04-08 09:45:00,0.0,8.0,6.0,,3.0,2.0,17
46010,2020-04-08 09:45:00,2.0,7.0,7.0,,2.0,2.0,17
46439,2020-04-08 09:45:00,1.0,7.0,6.0,,3.0,3.0,17
46447,2020-04-08 09:45:00,2.0,6.0,7.0,,3.0,1.0,17
46655,2020-04-08 09:45:00,0.0,6.0,7.0,,3.0,3.0,17
46099,2020-04-08 09:50:00,1.0,8.0,6.0,,3.0,2.0,17
46078,2020-04-08 09:50:00,2.0,8.0,6.0,,3.0,2.0,17
46093,2020-04-08 09:50:00,2.0,6.0,5.0,,4.0,2.0,17
46649,2020-04-08 09:50:00,1.0,8.0,4.0,,4.0,1.0,17
46208,2020-04-08 09:50:00,1.0,7.0,6.0,,3.0,2.0,17
46307,2020-04-08 09:50:00,0.0,6.0,7.0,,2.0,2.0,17
45901,2020-04-08 09:50:00,1.0,7.0,6.0,,2.0,1.0,17
46098,2020-04-08 09:50:00,1.0,7.0,6.0,,3.0,2.0,17
46479,2020-04-08 09:50:00,2.0,7.0,6.0,7.0,3.0,2.0,17
45931,2020-04-08 09:50:00,1.0,7.0,6.0,,4.0,3.0,17
46766,2020-04-08 09:50:00,0.0,8.0,6.0,,4.0,2.0,17
46017,2020-04-08 09:50:00,1.0,7.0,7.0,,3.0,3.0,17
46399,2020-04-08 09:50:00,1.0,7.0,5.0,,3.0,4.0,17
46376,2020-04-08 09:50:00,1.0,7.0,5.0,,2.0,2.0,17
46636,2020-04-08 09:50:00,0.0,6.0,5.0,,4.0,2.0,17
46422,2020-04-08 09:50:00,2.0,7.0,6.0,,4.0,2.0,17
46330,2020-04-08 09:50:00,1.0,7.0,7.0,,4.0,2.0,17
46201,2020-04-08 09:50:00,0.0,8.0,5.0,,4.0,3.0,17
45875,2020-04-08 09:50:00,0.0,7.0,5.0,,2.0,2.0,17
45866,2020-04-08 09:50:00,0.0,7.0,5.0,,4.0,2.0,17
46160,2020-04-08 09:50:00,0.0,8.0,6.0,,4.0,3.0,17
46343,2020-04-08 09:50:00,1.0,6.0,5.0,,3.0,2.0,17
46646,2020-04-08 09:50:00,1.0,6.0,5.0,,3.0,3.0,17
46581,2020-04-08 09:55:00,0.0,7.0,6.0,,2.0,4.0,17
46415,2020-04-08 09:55:00,1.0,8.0,5.0,,3.0,2.0,17
45838,2020-04-08 09:55:00,1.0,7.0,6.0,,4.0,2.0,17
45819,2020-04-08 09:55:00,-0.0,7.0,6.0,,3.0,1.0,17
46839,2020-04-08 09:55:00,0.0,6.0,6.0,,3.0,2.0,17
46767,2020-04-08 09:55:00,1.0,7.0,6.0,,4.0,4.0,17
46252,2020-04-08 09:55:00,1.0,7.0,6.0,,4.0,2.0,17
45892,2020-04-08 09:55:00,0.0,6.0,5.0,,3.0,1.0,17
45787,2020-04-08 09:55:00,2.0,7.0,7.0,,4.0,2.0,17
45788,2020-04-08 09:55:00,1.0,7.0,6.0,,3.0,4.0,17
46053,2020-04-08 09:55:00,1.0,7.0,6.0,,5.0,2.0,17
46289,2020-04-08 09:55:00,1.0,8.0,6.0,,3.0,3.0,17
46023,2020-04-08 09:55:00,1.0,8.0,6.0,,3.0,2.0,17
46821,2020-04-08 09:55:00,2.0,8.0,5.0,,3.0,2.0,17
46079,2020-04-08 09:55:00,-0.0,7.0,7.0,,4.0,2.0,17
45996,2020-04-08 09:55:00,2.0,8.0,7.0,,3.0,2.0,17
46087,2020-04-08 09:55:00,1.0,7.0,6.0,,4.0,1.0,17
46089,2020-04-08 09:55:00,0.0,7.0,7.0,,3.0,1.0,17
46799,2020-04-08 09:55:00,2.0,7.0,4.0,,3.0,3.0,17
46100,2020-04-08 09:55:00,2.0,6.0,5.0,,2.0,1.0,17
46837,2020-04-08 09:55:00,0.0,7.0,7.0,,3.0,2.0,17
46105,2020-04-08 09:55:00,1.0,6.0,7.0,,3.0,1.0,17
46103,2020-04-08 09:55:00,2.0,7.0,6.0,,2.0,3.0,17
45958,2020-04-08 09:55:00,1.0,8.0,5.0,,3.0,4.0,17
46668,2020-04-08 09:55:00,1.0,7.0,6.0,,4.0,2.0,17
46256,2020-04-08 09:55:00,0.0,7.0,7.0,,3.0,2.0,17
46243,2020-04-08 09:55:00,1.0,6.0,6.0,,3.0,2.0,17
46139,2020-04-08 09:55:00,2.0,6.0,7.0,,2.0,2.0,17
45808,2020-04-08 09:55:00,0.0,8.0,7.0,,3.0,2.0,17
46146,2020-04-08 09:55:00,2.0,7.0,7.0,,4.0,2.0,17
46694,2020-04-08 09:55:00,2.0,7.0,6.0,,3.0,2.0,17
46586,2020-04-08 09:55:00,-0.0,7.0,6.0,,4.0,2.0,17
46509,2020-04-08 09:55:00,2.0,7.0,7.0,,2.0,1.0,17
46156,2020-04-08 09:55:00,1.0,6.0,7.0,,3.0,2.0,17
45905,2020-04-08 09:55:00,1.0,8.0,6.0,,2.0,3.0,17
46397,2020-04-08 10:00:00,2.0,7.0,6.0,,4.0,2.0,17
46487,2020-04-08 10:00:00,1.0,6.0,7.0,,3.0,1.0,17
46325,2020-04-08 10:00:00,0.0,7.0,7.0,,3.0,2.0,17
46407,2020-04-08 10:00:00,1.0,8.0,6.0,,1.0,2.0,17
46250,2020-04-08 10:00:00,1.0,7.0,7.0,,3.0,2.0,17
46359,2020-04-08 10:00:00,2.0,7.0,6.0,,3.0,3.0,17
46432,2020-04-08 10:00:00,1.0,7.0,5.0,,2.0,2.0,17
46450,2020-04-08 10:00:00,1.0,6.0,5.0,,4.0,2.0,17
45977,2020-04-08 10:00:00,2.0,8.0,7.0,,2.0,1.0,17
45908,2020-04-08 10:00:00,1.0,7.0,6.0,,3.0,2.0,17
45852,2020-04-08 10:00:00,1.0,8.0,6.0,,4.0,4.0,17
46596,2020-04-08 10:00:00,2.0,8.0,6.0,,3.0,4.0,17
46052,2020-04-08 10:00:00,1.0,6.0,7.0,,2.0,2.0,17
46674,2020-04-08 10:00:00,1.0,6.0,7.0,,3.0,2.0,17
46833,2020-04-08 10:00:00,-0.0,8.0,5.0,,3.0,2.0,17
46008,2020-04-08 10:00:00,1.0,6.0,5.0,,4.0,2.0,17
46583,2020-04-08 10:00:00,1.0,8.0,6.0,,3.0,1.0,17
46107,2020-04-08 10:00:00,2.0,7.0,6.0,,4.0,2.0,17
46654,2020-04-08 10:00:00,2.0,7.0,5.0,,4.0,3.0,17
45998,2020-04-08 10:00:00,2.0,7.0,6.0,,3.0,2.0,17
46580,2020-04-08 10:00:00,3.0,6.0,8.0,,4.0,3.0,17
46714,2020-04-08 10:05:00,1.0,7.0,7.0,,4.0,2.0,17
46090,2020-04-08 10:05:00,2.0,6.0,5.0,,4.0,1.0,17
46085,2020-04-08 10:05:00,1.0,8.0,7.0,,3.0,2.0,17
46081,2020-04-08 10:05:00,0.0,6.0,7.0,,3.0,2.0,17
46345,2020-04-08 10:05:00,2.0,7.0,6.0,,3.0,2.0,17
46732,2020-04-08 10:05:00,1.0,7.0,5.0,,2.0,1.0,17
46616,2020-04-08 10:05:00,2.0,7.0,5.0,,2.0,2.0,17
46133,2020-04-08 10:05:00,1.0,7.0,6.0,,2.0,2.0,17
46502,2020-04-08 10:05:00,1.0,8.0,6.0,,2.0,2.0,17
46320,2020-04-08 10:05:00,3.0,7.0,6.0,,2.0,2.0,17
46042,2020-04-08 10:05:00,0.0,6.0,6.0,,4.0,2.0,17
46831,2020-04-08 10:05:00,-0.0,8.0,5.0,,3.0,3.0,17
46435,2020-04-08 10:05:00,0.0,7.0,7.0,,3.0,2.0,17
45965,2020-04-08 10:05:00,1.0,7.0,7.0,,4.0,3.0,17
45945,2020-04-08 10:05:00,0.0,7.0,6.0,,2.0,2.0,17
45789,2020-04-08 10:05:00,1.0,7.0,7.0,,4.0,1.0,17
45809,2020-04-08 10:05:00,1.0,7.0,5.0,,3.0,2.0,17
45812,2020-04-08 10:05:00,1.0,6.0,6.0,,3.0,3.0,17
46500,2020-04-08 10:05:00,1.0,7.0,6.0,,4.0,2.0,17
46678,2020-04-08 10:05:00,1.0,5.0,5.0,,5.0,2.0,17
46271,2020-04-08 10:05:00,1.0,8.0,7.0,,3.0,3.0,17
46175,2020-04-08 10:05:00,0.0,7.0,5.0,,4.0,1.0,17
46684,2020-04-08 10:10:00,1.0,6.0,6.0,,4.0,2.0,17
45980,2020-04-08 10:10:00,1.0,7.0,5.0,,3.0,1.0,17
45941,2020-04-08 10:10:00,1.0,7.0,7.0,,2.0,2.0,17
46737,2020-04-08 10:10:00,2.0,7.0,6.0,,3.0,3.0,17
45915,2020-04-08 10:10:00,1.0,8.0,6.0,,3.0,2.0,17
46319,2020-04-08 10:10:00,2.0,7.0,6.0,,4.0,3.0,17
46069,2020-04-08 10:10:00,0.0,6.0,5.0,,2.0,2.0,17
46084,2020-04-08 10:10:00,1.0,6.0,6.0,,3.0,2.0,17
46744,2020-04-08 10:10:00,1.0,7.0,7.0,,3.0,2.0,17
46617,2020-04-08 10:10:00,1.0,8.0,7.0,,3.0,2.0,17
46192,2020-04-08 10:10:00,1.0,7.0,7.0,,4.0,1.0,17
46713,2020-04-08 10:10:00,2.0,8.0,7.0,,3.0,2.0,17
46203,2020-04-08 10:10:00,1.0,7.0,7.0,,3.0,2.0,17
46259,2020-04-08 10:10:00,0.0,7.0,5.0,,3.0,1.0,17
46731,2020-04-08 10:10:00,2.0,7.0,6.0,,2.0,3.0,17
46177,2020-04-08 10:10:00,1.0,7.0,5.0,,3.0,3.0,17
46463,2020-04-08 10:10:00,0.0,8.0,6.0,,4.0,2.0,17
46214,2020-04-08 10:10:00,1.0,8.0,7.0,,2.0,2.0,17
46113,2020-04-08 10:10:00,1.0,7.0,6.0,,1.0,3.0,17
46261,2020-04-08 10:10:00,1.0,6.0,5.0,,3.0,3.0,17
46561,2020-04-08 10:10:00,1.0,6.0,6.0,,3.0,2.0,17
46384,2020-04-08 10:10:00,2.0,7.0,5.0,,2.0,3.0,17
45792,2020-04-08 10:10:00,2.0,7.0,7.0,,3.0,3.0,17
46178,2020-04-08 10:10:00,1.0,7.0,5.0,,2.0,3.0,17
45790,2020-04-08 10:15:00,2.0,7.0,6.0,,4.0,3.0,17
46761,2020-04-08 10:15:00,1.0,6.0,7.0,,4.0,4.0,17
46037,2020-04-08 10:15:00,1.0,8.0,5.0,,3.0,1.0,17
46440,2020-04-08 10:15:00,0.0,7.0,6.0,,2.0,1.0,17
46753,2020-04-08 10:15:00,1.0,6.0,5.0,,2.0,3.0,17
46247,2020-04-08 10:15:00,1.0,7.0,7.0,,2.0,3.0,17
46202,2020-04-08 10:15:00,1.0,7.0,6.0,,3.0,2.0,17
59447,2020-04-08 10:15:00,2.0,6.0,6.0,,3.0,0.0,17
59444,2020-04-08 10:15:00,1.0,6.0,6.0,,3.0,0.0,17
46142,2020-04-08 10:15:00,2.0,6.0,6.0,,3.0,2.0,17
46122,2020-04-08 10:15:00,2.0,6.0,5.0,,4.0,1.0,17
46812,2020-04-08 10:15:00,0.0,8.0,6.0,,2.0,2.0,17
46284,2020-04-08 10:15:00,-0.0,6.0,6.0,,3.0,2.0,17
46207,2020-04-08 10:15:00,1.0,7.0,6.0,,3.0,2.0,17
46068,2020-04-08 10:15:00,2.0,6.0,6.0,,3.0,3.0,17
46809,2020-04-08 10:15:00,-0.0,7.0,6.0,,2.0,3.0,17
46696,2020-04-08 10:15:00,0.0,7.0,5.0,,2.0,2.0,17
46704,2020-04-08 10:15:00,1.0,6.0,6.0,,3.0,2.0,17
46543,2020-04-08 10:15:00,1.0,9.0,6.0,,2.0,2.0,17
46807,2020-04-08 10:15:00,0.0,7.0,6.0,,3.0,2.0,17
46385,2020-04-08 10:15:00,0.0,7.0,5.0,,3.0,2.0,17
45975,2020-04-08 10:15:00,-0.0,7.0,5.0,,3.0,3.0,17
45849,2020-04-08 10:15:00,1.0,7.0,6.0,,3.0,3.0,17
46060,2020-04-08 10:15:00,-0.0,8.0,6.0,,4.0,2.0,17
59440,2020-04-08 10:20:00,1.0,7.0,6.0,,4.0,0.0,17
45886,2020-04-08 10:20:00,1.0,7.0,6.0,,3.0,1.0,17
45951,2020-04-08 10:20:00,1.0,7.0,5.0,,4.0,3.0,17
45840,2020-04-08 10:20:00,2.0,7.0,6.0,,4.0,2.0,17
45878,2020-04-08 10:20:00,2.0,7.0,6.0,,4.0,2.0,17
46362,2020-04-08 10:20:00,1.0,7.0,6.0,,4.0,1.0,17
46690,2020-04-08 10:20:00,1.0,7.0,7.0,,3.0,2.0,17
46341,2020-04-08 10:20:00,1.0,6.0,6.0,,3.0,2.0,17
46484,2020-04-08 10:20:00,0.0,9.0,5.0,,3.0,1.0,17
46700,2020-04-08 10:20:00,2.0,7.0,6.0,,3.0,3.0,17
46667,2020-04-08 10:20:00,2.0,7.0,5.0,,2.0,2.0,17
46350,2020-04-08 10:20:00,1.0,7.0,6.0,,3.0,3.0,17
46375,2020-04-08 10:20:00,2.0,6.0,5.0,,1.0,2.0,17
59462,2020-04-08 10:20:00,2.0,8.0,6.0,,4.0,0.0,17
46316,2020-04-08 10:20:00,1.0,8.0,6.0,,5.0,1.0,17
46612,2020-04-08 10:20:00,1.0,7.0,6.0,,3.0,3.0,17
46188,2020-04-08 10:20:00,1.0,7.0,5.0,,3.0,2.0,17
46443,2020-04-08 10:20:00,1.0,8.0,7.0,,3.0,2.0,17
46236,2020-04-08 10:20:00,2.0,6.0,5.0,,3.0,2.0,17
46242,2020-04-08 10:20:00,-0.0,7.0,5.0,,5.0,3.0,17
46169,2020-04-08 10:20:00,-0.0,8.0,6.0,,3.0,3.0,17
46765,2020-04-08 10:20:00,0.0,7.0,7.0,,3.0,1.0,17
59485,2020-04-08 10:20:00,1.0,7.0,4.0,,3.0,-0.0,17
59469,2020-04-08 10:20:00,0.0,7.0,6.0,,3.0,0.0,17
46265,2020-04-08 10:20:00,1.0,8.0,7.0,,3.0,2.0,17
46763,2020-04-08 10:20:00,1.0,7.0,6.0,,3.0,2.0,17
46092,2020-04-08 10:25:00,2.0,6.0,5.0,,2.0,2.0,17
46094,2020-04-08 10:25:00,2.0,7.0,5.0,,3.0,3.0,17
45853,2020-04-08 10:25:00,1.0,7.0,5.0,,4.0,2.0,17
46522,2020-04-08 10:25:00,1.0,8.0,7.0,,2.0,3.0,17
46254,2020-04-08 10:25:00,2.0,6.0,7.0,,2.0,2.0,17
45846,2020-04-08 10:25:00,1.0,8.0,6.0,,3.0,2.0,17
46134,2020-04-08 10:25:00,1.0,7.0,5.0,,3.0,3.0,17
46138,2020-04-08 10:25:00,1.0,7.0,6.0,,3.0,2.0,17
46834,2020-04-08 10:25:00,1.0,7.0,5.0,7.0,3.0,3.0,17
46562,2020-04-08 10:25:00,1.0,7.0,7.0,,4.0,2.0,17
45813,2020-04-08 10:25:00,1.0,7.0,6.0,,3.0,2.0,17
46125,2020-04-08 10:25:00,1.0,7.0,6.0,,3.0,2.0,17
46735,2020-04-08 10:25:00,1.0,8.0,6.0,,4.0,3.0,17
46698,2020-04-08 10:25:00,1.0,8.0,6.0,,4.0,3.0,17
46759,2020-04-08 10:25:00,1.0,7.0,7.0,,4.0,2.0,17
46653,2020-04-08 10:25:00,1.0,6.0,4.0,,5.0,2.0,17
45999,2020-04-08 10:25:00,2.0,7.0,6.0,,3.0,2.0,17
46520,2020-04-08 10:25:00,0.0,7.0,6.0,,3.0,2.0,17
46528,2020-04-08 10:25:00,0.0,7.0,7.0,,4.0,3.0,17
46305,2020-04-08 10:25:00,2.0,7.0,7.0,,3.0,1.0,17
45957,2020-04-08 10:25:00,1.0,7.0,5.0,,2.0,3.0,17
46754,2020-04-08 10:25:00,1.0,6.0,6.0,,4.0,2.0,17
46675,2020-04-08 10:25:00,-0.0,8.0,5.0,,3.0,1.0,17
46635,2020-04-08 10:25:00,0.0,7.0,6.0,,3.0,1.0,17
46533,2020-04-08 10:25:00,2.0,8.0,6.0,,2.0,3.0,17
46510,2020-04-08 10:25:00,1.0,8.0,6.0,,2.0,2.0,17
46066,2020-04-08 10:25:00,2.0,8.0,7.0,,3.0,3.0,17
46065,2020-04-08 10:25:00,-0.0,7.0,6.0,,4.0,1.0,17
59510,2020-04-08 10:30:00,0.0,8.0,6.0,,2.0,-0.0,17
59416,2020-04-08 10:30:00,1.0,9.0,5.0,,3.0,0.0,17
59525,2020-04-08 10:30:00,0.0,8.0,7.0,,4.0,1.0,17
59468,2020-04-08 10:30:00,0.0,6.0,7.0,,3.0,-0.0,17
46400,2020-04-08 10:30:00,1.0,8.0,6.0,,2.0,3.0,17
46764,2020-04-08 10:30:00,2.0,7.0,6.0,,2.0,2.0,17
46728,2020-04-08 10:30:00,0.0,8.0,6.0,,2.0,1.0,17
59487,2020-04-08 10:30:00,2.0,7.0,5.0,,2.0,0.0,17
46421,2020-04-08 10:30:00,0.0,7.0,6.0,,2.0,3.0,17
46395,2020-04-08 10:30:00,1.0,8.0,6.0,,3.0,2.0,17
59456,2020-04-08 10:30:00,1.0,5.0,6.0,,3.0,1.0,17
46778,2020-04-08 10:30:00,1.0,8.0,5.0,,3.0,1.0,17
46742,2020-04-08 10:30:00,1.0,8.0,6.0,,3.0,2.0,17
59435,2020-04-08 10:30:00,1.0,8.0,6.0,,4.0,0.0,17
59502,2020-04-08 10:30:00,2.0,6.0,6.0,,2.0,-0.0,17
46481,2020-04-08 10:30:00,-0.0,7.0,5.0,,3.0,1.0,17
46683,2020-04-08 10:30:00,2.0,7.0,7.0,,4.0,2.0,17
46615,2020-04-08 10:30:00,1.0,8.0,6.0,,2.0,2.0,17
46112,2020-04-08 10:30:00,0.0,6.0,6.0,,3.0,3.0,17
46224,2020-04-08 10:30:00,1.0,7.0,7.0,,3.0,1.0,17
46366,2020-04-08 10:30:00,2.0,7.0,6.0,,3.0,3.0,17
46578,2020-04-08 10:30:00,2.0,8.0,6.0,,3.0,3.0,17
46652,2020-04-08 10:30:00,1.0,7.0,6.0,,3.0,2.0,17
46556,2020-04-08 10:30:00,1.0,7.0,6.0,,4.0,1.0,17
46101,2020-04-08 10:30:00,0.0,7.0,6.0,,3.0,2.0,17
45903,2020-04-08 10:30:00,1.0,7.0,6.0,,3.0,2.0,17
46036,2020-04-08 10:30:00,2.0,7.0,6.0,,3.0,2.0,17
46280,2020-04-08 10:30:00,2.0,8.0,6.0,,4.0,2.0,17
46720,2020-04-08 10:30:00,2.0,7.0,6.0,,3.0,2.0,17
59458,2020-04-08 10:35:00,1.0,8.0,5.0,,3.0,0.0,17
46591,2020-04-08 10:35:00,0.0,7.0,7.0,,4.0,2.0,17
46015,2020-04-08 10:35:00,2.0,8.0,7.0,,3.0,1.0,17
46295,2020-04-08 10:35:00,1.0,7.0,7.0,,4.0,2.0,17
46813,2020-04-08 10:35:00,0.0,7.0,5.0,,4.0,3.0,17
46770,2020-04-08 10:35:00,2.0,8.0,7.0,,2.0,2.0,17
46588,2020-04-08 10:35:00,2.0,8.0,6.0,,4.0,2.0,17
46418,2020-04-08 10:35:00,2.0,8.0,5.0,,3.0,3.0,17
46110,2020-04-08 10:35:00,1.0,7.0,7.0,,5.0,2.0,17
46465,2020-04-08 10:35:00,1.0,6.0,6.0,,3.0,1.0,17
46797,2020-04-08 10:35:00,0.0,8.0,6.0,,4.0,1.0,17
46283,2020-04-08 10:35:00,2.0,7.0,6.0,,2.0,2.0,17
46825,2020-04-08 10:35:00,0.0,7.0,6.0,,2.0,1.0,17
46011,2020-04-08 10:35:00,1.0,8.0,6.0,,3.0,2.0,17
46111,2020-04-08 10:35:00,2.0,8.0,6.0,,3.0,2.0,17
46494,2020-04-08 10:35:00,2.0,7.0,6.0,,3.0,2.0,17
46182,2020-04-08 10:35:00,2.0,7.0,6.0,,3.0,1.0,17
46344,2020-04-08 10:35:00,0.0,7.0,5.0,,4.0,3.0,17
46336,2020-04-08 10:35:00,0.0,8.0,7.0,,3.0,2.0,17
46012,2020-04-08 10:35:00,-0.0,7.0,6.0,,4.0,2.0,17
46739,2020-04-08 10:35:00,0.0,8.0,6.0,,3.0,1.0,17
46741,2020-04-08 10:35:00,-0.0,7.0,5.0,,3.0,2.0,17
46567,2020-04-08 10:35:00,0.0,7.0,5.0,,3.0,1.0,17
46677,2020-04-08 10:35:00,0.0,7.0,5.0,,3.0,3.0,17
46672,2020-04-08 10:35:00,0.0,8.0,5.0,,3.0,1.0,17
59422,2020-04-08 10:35:00,0.0,7.0,6.0,,3.0,-0.0,17
46658,2020-04-08 10:35:00,0.0,7.0,7.0,,2.0,2.0,17
46639,2020-04-08 10:35:00,2.0,7.0,6.0,,2.0,1.0,17
46467,2020-04-08 10:35:00,1.0,7.0,5.0,,3.0,2.0,17
46119,2020-04-08 10:40:00,1.0,8.0,6.0,,3.0,2.0,17
46163,2020-04-08 10:40:00,0.0,7.0,6.0,,3.0,2.0,17
46548,2020-04-08 10:40:00,2.0,8.0,7.0,,3.0,1.0,17
46585,2020-04-08 10:40:00,1.0,8.0,6.0,,3.0,2.0,17
46116,2020-04-08 10:40:00,1.0,7.0,6.0,,4.0,2.0,17
46180,2020-04-08 10:40:00,0.0,8.0,6.0,,3.0,3.0,17
59518,2020-04-08 10:40:00,1.0,7.0,6.0,,2.0,0.0,17
59522,2020-04-08 10:40:00,0.0,8.0,6.0,,4.0,0.0,17
46814,2020-04-08 10:40:00,1.0,7.0,6.0,,2.0,2.0,17
46220,2020-04-08 10:40:00,1.0,6.0,4.0,,2.0,2.0,17
46790,2020-04-08 10:40:00,1.0,7.0,6.0,,2.0,2.0,17
46719,2020-04-08 10:40:00,1.0,6.0,7.0,,3.0,2.0,17
45843,2020-04-08 10:40:00,0.0,6.0,7.0,,2.0,2.0,17
46711,2020-04-08 10:40:00,1.0,7.0,7.0,,3.0,1.0,17
45855,2020-04-08 10:40:00,2.0,7.0,6.0,,3.0,3.0,17
45869,2020-04-08 10:40:00,0.0,8.0,6.0,,3.0,1.0,17
45874,2020-04-08 10:40:00,1.0,8.0,6.0,,2.0,1.0,17
45888,2020-04-08 10:40:00,1.0,8.0,6.0,,2.0,0.0,17
59433,2020-04-08 10:40:00,1.0,5.0,7.0,,5.0,-0.0,17
59499,2020-04-08 10:40:00,0.0,7.0,5.0,,4.0,-0.0,17
46398,2020-04-08 10:40:00,2.0,7.0,7.0,,3.0,3.0,17
46014,2020-04-08 10:40:00,2.0,7.0,6.0,,2.0,3.0,17
46301,2020-04-08 10:40:00,1.0,7.0,6.0,,4.0,3.0,17
46538,2020-04-08 10:40:00,1.0,7.0,6.0,,2.0,1.0,17
46279,2020-04-08 10:40:00,1.0,7.0,7.0,0.0,4.0,2.0,17
59484,2020-04-08 10:40:00,0.0,7.0,6.0,,4.0,1.0,17
59428,2020-04-08 10:40:00,1.0,8.0,6.0,,2.0,-0.0,17
46757,2020-04-08 10:45:00,2.0,8.0,7.0,,3.0,3.0,17
46627,2020-04-08 10:45:00,2.0,8.0,7.0,,3.0,1.0,17
46830,2020-04-08 10:45:00,1.0,8.0,7.0,,2.0,3.0,17
46724,2020-04-08 10:45:00,1.0,8.0,6.0,,4.0,2.0,17
46403,2020-04-08 10:45:00,0.0,8.0,6.0,,3.0,2.0,17
46448,2020-04-08 10:45:00,1.0,7.0,7.0,,4.0,3.0,17
59460,2020-04-08 10:45:00,2.0,7.0,5.0,,3.0,-0.0,17
59501,2020-04-08 10:45:00,1.0,8.0,6.0,,3.0,-0.0,17
59503,2020-04-08 10:45:00,1.0,7.0,6.0,,2.0,0.0,17
46334,2020-04-08 10:45:00,0.0,7.0,6.0,,3.0,3.0,17
59443,2020-04-08 10:45:00,0.0,7.0,5.0,,4.0,-0.0,17
59438,2020-04-08 10:45:00,1.0,8.0,7.0,,3.0,-0.0,17
46431,2020-04-08 10:45:00,3.0,7.0,5.0,,3.0,1.0,17
45928,2020-04-08 10:45:00,1.0,7.0,6.0,,3.0,1.0,17
46436,2020-04-08 10:45:00,0.0,7.0,5.0,,3.0,1.0,17
45949,2020-04-08 10:45:00,2.0,6.0,5.0,,3.0,3.0,17
46244,2020-04-08 10:45:00,1.0,8.0,6.0,,4.0,3.0,17
46387,2020-04-08 10:45:00,0.0,7.0,6.0,,3.0,1.0,17
45982,2020-04-08 10:45:00,2.0,8.0,6.0,,4.0,2.0,17
46026,2020-04-08 10:45:00,1.0,7.0,6.0,,3.0,2.0,17
46019,2020-04-08 10:45:00,1.0,6.0,7.0,,3.0,2.0,17
46102,2020-04-08 10:45:00,1.0,6.0,6.0,3.0,4.0,1.0,17
46492,2020-04-08 10:50:00,1.0,6.0,6.0,,2.0,2.0,17
59455,2020-04-08 10:50:00,1.0,7.0,6.0,,3.0,1.0,17
46091,2020-04-08 10:50:00,1.0,7.0,6.0,,3.0,2.0,17
46141,2020-04-08 10:50:00,1.0,7.0,7.0,,1.0,2.0,17
46187,2020-04-08 10:50:00,2.0,8.0,6.0,,4.0,3.0,17
59439,2020-04-08 10:50:00,1.0,7.0,6.0,,3.0,0.0,17
46000,2020-04-08 10:50:00,1.0,7.0,6.0,,3.0,3.0,17
46726,2020-04-08 10:50:00,1.0,8.0,7.0,5.0,2.0,2.0,17
46710,2020-04-08 10:50:00,1.0,7.0,6.0,,3.0,2.0,17
45872,2020-04-08 10:50:00,1.0,7.0,6.0,,3.0,2.0,17
59489,2020-04-08 10:50:00,1.0,7.0,6.0,,1.0,-0.0,17
46651,2020-04-08 10:50:00,1.0,6.0,4.0,,2.0,2.0,17
46196,2020-04-08 10:50:00,0.0,9.0,6.0,,3.0,2.0,17
46324,2020-04-08 10:50:00,2.0,7.0,5.0,,3.0,2.0,17
45823,2020-04-08 10:50:00,1.0,6.0,6.0,,4.0,1.0,17
46818,2020-04-08 10:50:00,2.0,7.0,4.0,,2.0,3.0,17
59490,2020-04-08 10:50:00,0.0,7.0,5.0,,2.0,1.0,17
59524,2020-04-08 10:50:00,0.0,7.0,5.0,,3.0,1.0,17
59512,2020-04-08 10:50:00,2.0,7.0,6.0,,2.0,0.0,17
45979,2020-04-08 10:55:00,1.0,8.0,6.0,,4.0,4.0,17
59452,2020-04-08 10:55:00,1.0,7.0,6.0,,2.0,0.0,17
59449,2020-04-08 10:55:00,1.0,7.0,5.0,,4.0,1.0,17
46338,2020-04-08 10:55:00,2.0,7.0,6.0,,3.0,2.0,17
46554,2020-04-08 10:55:00,2.0,8.0,6.0,,4.0,4.0,17
45906,2020-04-08 10:55:00,0.0,7.0,6.0,,2.0,1.0,17
46428,2020-04-08 10:55:00,1.0,7.0,6.0,,2.0,2.0,17
45882,2020-04-08 10:55:00,1.0,7.0,6.0,,4.0,3.0,17
46282,2020-04-08 10:55:00,1.0,7.0,6.0,,5.0,1.0,17
59442,2020-04-08 10:55:00,1.0,8.0,6.0,,2.0,-0.0,17
45835,2020-04-08 10:55:00,1.0,6.0,5.0,,2.0,3.0,17
59505,2020-04-08 10:55:00,1.0,6.0,6.0,,4.0,1.0,17
59420,2020-04-08 10:55:00,1.0,5.0,6.0,,4.0,-0.0,17
46532,2020-04-08 10:55:00,2.0,8.0,6.0,,3.0,3.0,17
59521,2020-04-08 10:55:00,2.0,7.0,6.0,,4.0,0.0,17
46055,2020-04-08 10:55:00,2.0,7.0,6.0,,3.0,2.0,17
46076,2020-04-08 10:55:00,1.0,6.0,6.0,,4.0,3.0,17
46035,2020-04-08 10:55:00,1.0,6.0,5.0,,3.0,3.0,17
46451,2020-04-08 10:55:00,1.0,8.0,7.0,,4.0,1.0,17
59479,2020-04-08 10:55:00,0.0,7.0,5.0,,3.0,0.0,17
46634,2020-04-08 10:55:00,2.0,7.0,6.0,,4.0,2.0,17
45997,2020-04-08 10:55:00,1.0,7.0,6.0,,3.0,2.0,17
46117,2020-04-08 10:55:00,1.0,7.0,7.0,,3.0,2.0,17
46805,2020-04-08 10:55:00,1.0,7.0,6.0,,3.0,2.0,17
46497,2020-04-08 10:55:00,1.0,7.0,6.0,7.0,2.0,3.0,17
59465,2020-04-08 10:55:00,1.0,7.0,7.0,,3.0,0.0,17
59472,2020-04-08 10:55:00,0.0,7.0,7.0,,3.0,0.0,17
46128,2020-04-08 11:00:00,1.0,7.0,5.0,,4.0,3.0,17
46434,2020-04-08 11:00:00,1.0,8.0,5.0,,3.0,1.0,17
46005,2020-04-08 11:00:00,1.0,7.0,6.0,,4.0,3.0,17
46132,2020-04-08 11:00:00,1.0,7.0,6.0,,4.0,2.0,17
45972,2020-04-08 11:00:00,2.0,7.0,6.0,,4.0,3.0,17
46025,2020-04-08 11:00:00,1.0,7.0,6.0,,4.0,1.0,17
46829,2020-04-08 11:00:00,2.0,7.0,6.0,,3.0,3.0,17
46630,2020-04-08 11:00:00,1.0,5.0,6.0,,4.0,2.0,17
46073,2020-04-08 11:00:00,1.0,8.0,5.0,,3.0,2.0,17
46715,2020-04-08 11:00:00,1.0,8.0,6.0,,3.0,2.0,17
46622,2020-04-08 11:00:00,1.0,8.0,6.0,,3.0,1.0,17
46832,2020-04-08 11:00:00,0.0,7.0,7.0,,3.0,2.0,17
45881,2020-04-08 11:00:00,2.0,7.0,6.0,,2.0,2.0,17
59461,2020-04-08 11:00:00,1.0,7.0,6.0,,2.0,0.0,17
46781,2020-04-08 11:00:00,1.0,8.0,7.0,,2.0,2.0,17
59477,2020-04-08 11:00:00,1.0,8.0,6.0,3.0,3.0,0.0,17
46239,2020-04-08 11:05:00,2.0,7.0,6.0,,3.0,1.0,17
45916,2020-04-08 11:05:00,1.0,6.0,6.0,,4.0,1.0,17
46472,2020-04-08 11:05:00,1.0,6.0,6.0,,4.0,1.0,17
46773,2020-04-08 11:05:00,1.0,7.0,6.0,,4.0,3.0,17
46124,2020-04-08 11:05:00,1.0,7.0,6.0,,2.0,2.0,17
46258,2020-04-08 11:05:00,1.0,7.0,6.0,,3.0,2.0,17
46260,2020-04-08 11:05:00,1.0,8.0,6.0,,3.0,2.0,17
46445,2020-04-08 11:05:00,-0.0,7.0,6.0,,4.0,2.0,17
46680,2020-04-08 11:05:00,2.0,6.0,6.0,,4.0,2.0,17
46426,2020-04-08 11:05:00,-0.0,8.0,6.0,,3.0,2.0,17
46004,2020-04-08 11:05:00,-0.0,8.0,6.0,,3.0,2.0,17
46219,2020-04-08 11:05:00,0.0,5.0,5.0,,3.0,3.0,17
46218,2020-04-08 11:05:00,2.0,7.0,6.0,,3.0,1.0,17
59514,2020-04-08 11:05:00,2.0,8.0,6.0,,3.0,1.0,17
59480,2020-04-08 11:05:00,1.0,6.0,6.0,,4.0,-0.0,17
45804,2020-04-08 11:05:00,-0.0,7.0,6.0,,3.0,2.0,17
59459,2020-04-08 11:05:00,1.0,7.0,5.0,,3.0,1.0,17
46059,2020-04-08 11:05:00,1.0,7.0,7.0,,3.0,1.0,17
46003,2020-04-08 11:05:00,0.0,7.0,5.0,,3.0,1.0,17
46405,2020-04-08 11:05:00,1.0,7.0,7.0,,3.0,3.0,17
46235,2020-04-08 11:10:00,1.0,5.0,6.0,,3.0,2.0,17
59473,2020-04-08 11:10:00,1.0,7.0,6.0,,2.0,-0.0,17
45930,2020-04-08 11:10:00,2.0,7.0,7.0,,4.0,2.0,17
46682,2020-04-08 11:10:00,-0.0,7.0,6.0,,3.0,3.0,17
46508,2020-04-08 11:10:00,1.0,7.0,5.0,,3.0,2.0,17
46195,2020-04-08 11:10:00,1.0,8.0,7.0,,4.0,2.0,17
46480,2020-04-08 11:10:00,1.0,6.0,6.0,,2.0,3.0,17
59475,2020-04-08 11:10:00,2.0,6.0,5.0,,3.0,0.0,17
59488,2020-04-08 11:10:00,2.0,8.0,5.0,,3.0,-0.0,17
46293,2020-04-08 11:10:00,0.0,8.0,6.0,,3.0,1.0,17
46379,2020-04-08 11:10:00,2.0,6.0,6.0,,2.0,2.0,17
59414,2020-04-08 11:10:00,2.0,7.0,6.0,,4.0,0.0,17
46152,2020-04-08 11:10:00,2.0,7.0,7.0,,3.0,2.0,17
46603,2020-04-08 11:15:00,0.0,8.0,7.0,,2.0,2.0,17
46308,2020-04-08 11:15:00,0.0,7.0,7.0,,3.0,2.0,17
46186,2020-04-08 11:15:00,1.0,6.0,6.0,,2.0,2.0,17
46288,2020-04-08 11:15:00,2.0,7.0,6.0,,3.0,3.0,17
46559,2020-04-08 11:15:00,1.0,7.0,7.0,,4.0,1.0,17
59464,2020-04-08 11:15:00,-0.0,6.0,6.0,,3.0,1.0,17
45782,2020-04-08 11:15:00,0.0,7.0,6.0,,4.0,1.0,17
46427,2020-04-08 11:15:00,2.0,7.0,6.0,,2.0,1.0,17
46137,2020-04-08 11:15:00,1.0,8.0,7.0,,2.0,2.0,17
46663,2020-04-08 11:15:00,0.0,8.0,6.0,8.0,3.0,0.0,17
59445,2020-04-08 11:20:00,-0.0,8.0,5.0,,3.0,0.0,17
59466,2020-04-08 11:20:00,0.0,6.0,6.0,,3.0,1.0,17
59526,2020-04-08 11:20:00,1.0,7.0,7.0,,4.0,0.0,17
46332,2020-04-08 11:20:00,1.0,8.0,5.0,,3.0,2.0,17
59454,2020-04-08 11:20:00,1.0,7.0,5.0,,4.0,0.0,17
9933,2020-04-08 11:20:00,10.0,1.0,5.0,,5.0,,17
46642,2020-04-08 11:20:00,-0.0,8.0,5.0,,3.0,1.0,17
59527,2020-04-08 11:20:00,1.0,7.0,6.0,,2.0,1.0,17
45845,2020-04-08 11:20:00,1.0,7.0,5.0,,4.0,3.0,17
46745,2020-04-08 11:20:00,2.0,7.0,6.0,,2.0,2.0,17
45858,2020-04-08 11:20:00,-0.0,8.0,7.0,,4.0,3.0,17
46229,2020-04-08 11:20:00,1.0,9.0,5.0,,4.0,2.0,17
46521,2020-04-08 11:20:00,1.0,8.0,6.0,,2.0,3.0,17
46600,2020-04-08 11:20:00,2.0,7.0,5.0,,4.0,1.0,17
45946,2020-04-08 11:25:00,1.0,7.0,6.0,,3.0,1.0,17
46734,2020-04-08 11:25:00,2.0,7.0,6.0,,2.0,3.0,17
46167,2020-04-08 11:25:00,1.0,8.0,7.0,,4.0,2.0,17
46363,2020-04-08 11:25:00,0.0,7.0,6.0,,3.0,1.0,17
46650,2020-04-08 11:25:00,1.0,7.0,7.0,,2.0,2.0,17
45978,2020-04-08 11:25:00,1.0,6.0,7.0,,3.0,2.0,17
46692,2020-04-08 11:25:00,0.0,6.0,6.0,,4.0,1.0,17
46296,2020-04-08 11:25:00,3.0,7.0,7.0,,3.0,2.0,17
45924,2020-04-08 11:25:00,2.0,8.0,6.0,,2.0,1.0,17
46707,2020-04-08 11:25:00,1.0,6.0,6.0,,3.0,2.0,17
59508,2020-04-08 11:25:00,0.0,8.0,5.0,,3.0,0.0,17
59424,2020-04-08 11:25:00,1.0,8.0,6.0,,4.0,-0.0,17
46795,2020-04-08 11:30:00,1.0,7.0,6.0,,3.0,2.0,17
46383,2020-04-08 11:30:00,1.0,7.0,5.0,,3.0,2.0,17
45791,2020-04-08 11:30:00,1.0,7.0,6.0,,2.0,2.0,17
46309,2020-04-08 11:30:00,2.0,8.0,6.0,,3.0,4.0,17
46537,2020-04-08 11:30:00,1.0,7.0,6.0,,4.0,2.0,17
46018,2020-04-08 11:30:00,0.0,7.0,7.0,,4.0,3.0,17
46524,2020-04-08 11:30:00,-0.0,6.0,5.0,,3.0,2.0,17
46388,2020-04-08 11:30:00,0.0,7.0,6.0,,3.0,1.0,17
46233,2020-04-08 11:30:00,2.0,8.0,7.0,,4.0,3.0,17
45935,2020-04-08 11:30:00,0.0,6.0,6.0,,4.0,2.0,17
46676,2020-04-08 11:30:00,1.0,6.0,6.0,,3.0,2.0,17
46574,2020-04-08 11:30:00,1.0,7.0,6.0,,2.0,2.0,17
46394,2020-04-08 11:30:00,1.0,7.0,5.0,,3.0,2.0,17
45862,2020-04-08 11:30:00,1.0,7.0,4.0,,4.0,2.0,17
45933,2020-04-08 11:35:00,2.0,7.0,5.0,,2.0,2.0,17
59453,2020-04-08 11:35:00,1.0,6.0,5.0,,4.0,-0.0,17
46733,2020-04-08 11:35:00,1.0,9.0,5.0,,2.0,2.0,17
45962,2020-04-08 11:35:00,-0.0,7.0,6.0,,3.0,3.0,17
45993,2020-04-08 11:35:00,1.0,7.0,6.0,,3.0,2.0,17
59418,2020-04-08 11:35:00,2.0,7.0,5.0,,3.0,0.0,17
46074,2020-04-08 11:35:00,0.0,7.0,5.0,,4.0,2.0,17
46360,2020-04-08 11:35:00,2.0,8.0,7.0,,3.0,4.0,17
46109,2020-04-08 11:35:00,1.0,8.0,6.0,,3.0,2.0,17
46197,2020-04-08 11:35:00,1.0,7.0,7.0,,3.0,2.0,17
46294,2020-04-08 11:35:00,1.0,7.0,5.0,,2.0,1.0,17
59425,2020-04-08 11:40:00,2.0,7.0,7.0,,4.0,-0.0,17
46669,2020-04-08 11:40:00,2.0,7.0,6.0,,3.0,1.0,17
59427,2020-04-08 11:40:00,2.0,6.0,5.0,,3.0,0.0,17
46712,2020-04-08 11:40:00,1.0,8.0,6.0,,4.0,2.0,17
46389,2020-04-08 11:40:00,-0.0,7.0,6.0,,3.0,2.0,17
45914,2020-04-08 11:40:00,1.0,6.0,6.0,,4.0,3.0,17
59530,2020-04-08 11:40:00,1.0,7.0,6.0,,3.0,0.0,17
59415,2020-04-08 11:40:00,-0.0,5.0,5.0,,2.0,0.0,17
46803,2020-04-08 11:45:00,2.0,7.0,6.0,,4.0,2.0,17
46620,2020-04-08 11:45:00,0.0,8.0,6.0,,3.0,3.0,17
59529,2020-04-08 11:45:00,1.0,6.0,7.0,,2.0,1.0,17
46558,2020-04-08 11:45:00,0.0,7.0,6.0,,3.0,2.0,17
46286,2020-04-08 11:50:00,1.0,7.0,5.0,,3.0,3.0,17
59481,2020-04-08 11:50:00,1.0,7.0,7.0,,4.0,0.0,17
59441,2020-04-08 11:50:00,0.0,6.0,6.0,,2.0,0.0,17
46263,2020-04-08 11:50:00,0.0,7.0,7.0,,3.0,2.0,17
46314,2020-04-08 11:50:00,1.0,7.0,7.0,,3.0,2.0,17
45929,2020-04-08 11:50:00,1.0,7.0,6.0,,2.0,1.0,17
59482,2020-04-08 11:50:00,1.0,8.0,6.0,,3.0,0.0,17
45898,2020-04-08 11:50:00,1.0,8.0,5.0,,2.0,2.0,17
59448,2020-04-08 11:50:00,0.0,6.0,5.0,,3.0,1.0,17
45784,2020-04-08 11:50:00,1.0,8.0,5.0,,3.0,2.0,17
59476,2020-04-08 11:50:00,-0.0,6.0,6.0,,2.0,,17
46794,2020-04-08 11:50:00,0.0,7.0,7.0,,3.0,2.0,17
59504,2020-04-08 11:50:00,2.0,6.0,5.0,,3.0,0.0,17
59506,2020-04-08 11:50:00,1.0,7.0,4.0,8.0,3.0,1.0,17
46597,2020-04-08 11:50:00,0.0,6.0,7.0,,2.0,2.0,17
59507,2020-04-08 11:50:00,2.0,6.0,6.0,,3.0,1.0,17
59513,2020-04-08 11:50:00,0.0,6.0,6.0,,3.0,-0.0,17
46062,2020-04-08 11:50:00,1.0,7.0,7.0,,3.0,2.0,17
46392,2020-04-08 11:50:00,0.0,8.0,5.0,,3.0,2.0,17
59509,2020-04-08 11:55:00,1.0,7.0,6.0,,3.0,-0.0,17
46075,2020-04-08 11:55:00,0.0,7.0,6.0,,4.0,1.0,17
45939,2020-04-08 11:55:00,-0.0,6.0,6.0,,2.0,2.0,17
46367,2020-04-08 11:55:00,2.0,7.0,5.0,,3.0,1.0,17
46349,2020-04-08 11:55:00,1.0,8.0,8.0,,3.0,3.0,17
45952,2020-04-08 11:55:00,2.0,7.0,6.0,,4.0,2.0,17
46323,2020-04-08 11:55:00,1.0,6.0,7.0,,2.0,1.0,17
46729,2020-04-08 12:00:00,0.0,7.0,5.0,,3.0,2.0,17
46322,2020-04-08 12:00:00,1.0,6.0,6.0,,3.0,3.0,17
46693,2020-04-08 12:00:00,2.0,7.0,6.0,,2.0,2.0,17
46149,2020-04-08 12:00:00,0.0,7.0,7.0,,3.0,2.0,17
59431,2020-04-08 12:00:00,1.0,7.0,6.0,,2.0,0.0,17
46346,2020-04-08 12:00:00,1.0,6.0,6.0,,3.0,3.0,17
46577,2020-04-08 12:00:00,0.0,7.0,6.0,,1.0,2.0,17
46377,2020-04-08 12:00:00,-0.0,7.0,8.0,,3.0,-0.0,17
46086,2020-04-08 12:00:00,1.0,7.0,6.0,,4.0,2.0,17
46386,2020-04-08 12:00:00,0.0,7.0,6.0,,3.0,2.0,17
59423,2020-04-08 12:05:00,1.0,7.0,6.0,,3.0,-0.0,17
46446,2020-04-08 12:05:00,0.0,8.0,7.0,,4.0,1.0,17
46449,2020-04-08 12:05:00,1.0,7.0,5.0,,3.0,2.0,17
46457,2020-04-08 12:05:00,1.0,7.0,7.0,,2.0,2.0,17
46441,2020-04-08 12:05:00,0.0,7.0,6.0,,4.0,2.0,17
59519,2020-04-08 12:05:00,2.0,8.0,7.0,,4.0,0.0,17
46546,2020-04-08 12:05:00,0.0,7.0,6.0,,3.0,1.0,17
45920,2020-04-08 12:05:00,1.0,7.0,7.0,,3.0,3.0,17
46730,2020-04-08 12:05:00,1.0,8.0,5.0,,3.0,2.0,17
46424,2020-04-08 12:10:00,2.0,8.0,5.0,,2.0,1.0,17
45897,2020-04-08 12:10:00,2.0,7.0,7.0,,3.0,1.0,17
46234,2020-04-08 12:10:00,1.0,8.0,6.0,,3.0,2.0,17
46380,2020-04-08 12:10:00,1.0,6.0,6.0,,2.0,2.0,17
59474,2020-04-08 12:10:00,0.0,7.0,7.0,,3.0,0.0,17
46315,2020-04-08 12:10:00,2.0,7.0,6.0,,2.0,2.0,17
59492,2020-04-08 12:10:00,0.0,8.0,5.0,,4.0,-0.0,17
46470,2020-04-08 12:10:00,1.0,6.0,6.0,,3.0,1.0,17
46051,2020-04-08 12:10:00,0.0,7.0,6.0,,3.0,0.0,17
46660,2020-04-08 12:10:00,1.0,8.0,5.0,,3.0,2.0,17
46230,2020-04-08 12:10:00,1.0,7.0,5.0,,2.0,2.0,17
46217,2020-04-08 12:10:00,2.0,7.0,6.0,,2.0,2.0,17
45971,2020-04-08 12:15:00,2.0,7.0,7.0,,5.0,1.0,17
46499,2020-04-08 12:15:00,0.0,6.0,7.0,,2.0,2.0,17
46166,2020-04-08 12:15:00,0.0,7.0,8.0,,3.0,2.0,17
46485,2020-04-08 12:15:00,0.0,7.0,7.0,,2.0,2.0,17
46461,2020-04-08 12:15:00,1.0,7.0,6.0,,4.0,3.0,17
46828,2020-04-08 12:15:00,1.0,8.0,6.0,,3.0,2.0,17
59470,2020-04-08 12:15:00,1.0,9.0,7.0,,3.0,0.0,17
59523,2020-04-08 12:15:00,0.0,7.0,7.0,,3.0,1.0,17
46454,2020-04-08 12:15:00,1.0,7.0,6.0,,3.0,2.0,17
59493,2020-04-08 12:20:00,1.0,7.0,6.0,,3.0,,17
46390,2020-04-08 12:20:00,1.0,8.0,7.0,,3.0,1.0,17
46046,2020-04-08 12:20:00,1.0,7.0,6.0,,2.0,1.0,17
59511,2020-04-08 12:20:00,1.0,7.0,7.0,,2.0,1.0,17
46024,2020-04-08 12:20:00,1.0,7.0,7.0,,4.0,2.0,17
46623,2020-04-08 12:20:00,0.0,7.0,6.0,,2.0,3.0,17
46785,2020-04-08 12:20:00,1.0,7.0,5.0,,4.0,2.0,17
46687,2020-04-08 12:25:00,1.0,8.0,6.0,,3.0,3.0,17
45803,2020-04-08 12:25:00,1.0,7.0,6.0,,2.0,2.0,17
46162,2020-04-08 12:25:00,1.0,6.0,6.0,,2.0,2.0,17
46361,2020-04-08 12:25:00,2.0,9.0,4.0,,3.0,2.0,17
59520,2020-04-08 12:25:00,1.0,8.0,6.0,,1.0,1.0,17
46619,2020-04-08 12:25:00,0.0,6.0,5.0,,4.0,1.0,17
46205,2020-04-08 12:25:00,0.0,7.0,6.0,,4.0,3.0,17
46564,2020-04-08 12:25:00,2.0,7.0,5.0,,3.0,4.0,17
59528,2020-04-08 12:25:00,2.0,6.0,4.0,,3.0,1.0,17
46096,2020-04-08 12:30:00,1.0,7.0,5.0,,4.0,1.0,17
59437,2020-04-08 12:30:00,0.0,8.0,5.0,,2.0,1.0,17
59498,2020-04-08 12:30:00,0.0,7.0,6.0,,2.0,-0.0,17
46486,2020-04-08 12:30:00,0.0,6.0,6.0,,4.0,3.0,17
45992,2020-04-08 12:30:00,-0.0,7.0,7.0,,2.0,2.0,17
46550,2020-04-08 12:30:00,-0.0,7.0,6.0,,4.0,2.0,17
46782,2020-04-08 12:35:00,2.0,8.0,6.0,,2.0,1.0,17
46373,2020-04-08 12:35:00,1.0,7.0,5.0,,2.0,3.0,17
59517,2020-04-08 12:35:00,2.0,8.0,6.0,,3.0,0.0,17
45797,2020-04-08 12:35:00,0.0,7.0,6.0,,3.0,2.0,17
45847,2020-04-08 12:35:00,1.0,6.0,6.0,,3.0,0.0,17
46529,2020-04-08 12:35:00,1.0,7.0,7.0,,3.0,2.0,17
46611,2020-04-08 12:35:00,2.0,7.0,7.0,,3.0,2.0,17
59483,2020-04-08 12:35:00,1.0,8.0,5.0,,3.0,0.0,17
46788,2020-04-08 12:40:00,2.0,7.0,5.0,,3.0,2.0,17
46525,2020-04-08 12:40:00,1.0,6.0,6.0,,3.0,3.0,17
46009,2020-04-08 12:40:00,2.0,7.0,7.0,,4.0,3.0,17
59500,2020-04-08 12:40:00,0.0,6.0,5.0,,3.0,1.0,17
46333,2020-04-08 12:40:00,2.0,7.0,5.0,,1.0,3.0,17
45989,2020-04-08 12:40:00,1.0,8.0,6.0,,3.0,2.0,17
46438,2020-04-08 12:40:00,2.0,5.0,6.0,,2.0,2.0,17
46819,2020-04-08 12:40:00,1.0,7.0,7.0,,2.0,2.0,17
46517,2020-04-08 12:40:00,-0.0,6.0,7.0,,4.0,1.0,17
59429,2020-04-08 12:40:00,1.0,7.0,6.0,,3.0,1.0,17
46549,2020-04-08 12:40:00,2.0,7.0,7.0,,4.0,2.0,17
46810,2020-04-08 12:45:00,1.0,7.0,6.0,,3.0,3.0,17
59467,2020-04-08 12:45:00,1.0,7.0,6.0,,3.0,0.0,17
46640,2020-04-08 12:45:00,0.0,6.0,6.0,,4.0,3.0,17
46659,2020-04-08 12:45:00,-0.0,7.0,4.0,,4.0,1.0,17
46382,2020-04-08 12:45:00,0.0,7.0,6.0,,5.0,2.0,17
59516,2020-04-08 12:45:00,2.0,7.0,6.0,,3.0,0.0,17
9922,2020-04-08 12:45:00,8.0,4.0,7.0,,10.0,0.0,17
46689,2020-04-08 12:45:00,1.0,7.0,7.0,,2.0,4.0,17
59446,2020-04-08 12:45:00,1.0,7.0,7.0,,2.0,-0.0,17
46328,2020-04-08 12:45:00,1.0,8.0,6.0,,3.0,2.0,17
59432,2020-04-08 12:45:00,1.0,8.0,6.0,,3.0,0.0,17
46444,2020-04-08 12:50:00,0.0,8.0,6.0,,3.0,3.0,17
46568,2020-04-08 12:50:00,1.0,7.0,7.0,,4.0,2.0,17
45959,2020-04-08 12:50:00,2.0,7.0,5.0,,4.0,2.0,17
45913,2020-04-08 12:50:00,1.0,7.0,6.0,,4.0,2.0,17
59417,2020-04-08 12:55:00,1.0,7.0,6.0,,4.0,-0.0,17
46364,2020-04-08 12:55:00,-0.0,5.0,7.0,,3.0,3.0,17
45994,2020-04-08 12:55:00,2.0,7.0,6.0,,3.0,2.0,17
45829,2020-04-08 12:55:00,0.0,8.0,6.0,,3.0,3.0,17
46275,2020-04-08 12:55:00,0.0,6.0,5.0,,2.0,1.0,17
46573,2020-04-08 13:00:00,2.0,8.0,5.0,,3.0,1.0,17
46168,2020-04-08 13:00:00,1.0,7.0,5.0,,4.0,2.0,17
46221,2020-04-08 13:00:00,2.0,7.0,5.0,,4.0,2.0,17
45991,2020-04-08 13:00:00,2.0,6.0,7.0,,5.0,1.0,17
59515,2020-04-08 13:00:00,2.0,6.0,5.0,,3.0,0.0,17
46483,2020-04-08 13:00:00,2.0,6.0,6.0,,3.0,3.0,17
45890,2020-04-08 13:00:00,1.0,7.0,8.0,,3.0,1.0,17
59451,2020-04-08 13:00:00,-0.0,7.0,6.0,,3.0,0.0,17
46227,2020-04-08 13:00:00,1.0,8.0,6.0,,3.0,1.0,17
46241,2020-04-08 13:00:00,1.0,6.0,7.0,,2.0,3.0,17
46038,2020-04-08 13:00:00,2.0,7.0,6.0,,3.0,2.0,17
59436,2020-04-08 13:05:00,1.0,7.0,6.0,,3.0,-0.0,17
46661,2020-04-08 13:05:00,1.0,8.0,6.0,,2.0,2.0,17
46419,2020-04-08 13:05:00,0.0,6.0,5.0,,3.0,1.0,17
46231,2020-04-08 13:05:00,-0.0,7.0,6.0,,3.0,3.0,17
45807,2020-04-08 13:05:00,1.0,7.0,6.0,,4.0,2.0,17
45969,2020-04-08 13:05:00,1.0,6.0,6.0,,2.0,2.0,17
46193,2020-04-08 13:05:00,1.0,7.0,6.0,,4.0,2.0,17
45934,2020-04-08 13:05:00,-0.0,6.0,7.0,,2.0,3.0,17
46058,2020-04-08 13:10:00,1.0,6.0,7.0,,3.0,2.0,17
45856,2020-04-08 13:10:00,1.0,6.0,5.0,,2.0,2.0,17
46621,2020-04-08 13:10:00,0.0,7.0,7.0,,4.0,0.0,17
46348,2020-04-08 13:10:00,1.0,7.0,7.0,,2.0,2.0,17
59497,2020-04-08 13:10:00,1.0,7.0,7.0,,3.0,0.0,17
46796,2020-04-08 13:10:00,3.0,6.0,7.0,,3.0,3.0,17
46048,2020-04-08 13:10:00,2.0,8.0,5.0,,4.0,2.0,17
46240,2020-04-08 13:10:00,0.0,8.0,6.0,,3.0,3.0,17
46643,2020-04-08 13:15:00,0.0,6.0,6.0,,4.0,2.0,17
59457,2020-04-08 13:15:00,0.0,7.0,7.0,,5.0,0.0,17
46817,2020-04-08 13:20:00,1.0,7.0,7.0,,3.0,1.0,17
46290,2020-04-08 13:20:00,2.0,6.0,5.0,,4.0,2.0,17
45837,2020-04-08 13:20:00,2.0,6.0,7.0,,3.0,2.0,17
46143,2020-04-08 13:25:00,1.0,7.0,5.0,,2.0,1.0,17
45887,2020-04-08 13:25:00,2.0,7.0,6.0,,3.0,2.0,17
59496,2020-04-08 13:25:00,1.0,6.0,5.0,,4.0,0.0,17
46670,2020-04-08 13:25:00,0.0,6.0,6.0,,2.0,2.0,17
59419,2020-04-08 13:30:00,2.0,6.0,5.0,,3.0,0.0,17
45995,2020-04-08 13:30:00,1.0,7.0,6.0,,3.0,1.0,17
59491,2020-04-08 13:30:00,2.0,8.0,6.0,,4.0,-0.0,17
45822,2020-04-08 13:30:00,0.0,7.0,6.0,,3.0,2.0,17
46292,2020-04-08 13:30:00,1.0,8.0,6.0,,3.0,2.0,17
59434,2020-04-08 13:35:00,-0.0,8.0,6.0,,3.0,1.0,17
46736,2020-04-08 13:35:00,2.0,7.0,6.0,,4.0,3.0,17
46541,2020-04-08 13:40:00,1.0,7.0,7.0,,3.0,2.0,17
45922,2020-04-08 13:40:00,3.0,7.0,6.0,,3.0,1.0,17
59430,2020-04-08 13:40:00,1.0,7.0,5.0,,3.0,1.0,17
46536,2020-04-08 13:40:00,1.0,7.0,5.0,,3.0,2.0,17
46342,2020-04-08 13:40:00,1.0,8.0,6.0,,5.0,2.0,17
59478,2020-04-08 13:45:00,2.0,6.0,5.0,,3.0,0.0,17
59463,2020-04-08 13:45:00,2.0,6.0,7.0,,3.0,-0.0,17
45786,2020-04-08 13:50:00,2.0,6.0,5.0,,2.0,2.0,17
46365,2020-04-08 13:50:00,0.0,8.0,5.0,,3.0,2.0,17
59495,2020-04-08 13:50:00,2.0,6.0,6.0,,3.0,0.0,17
9954,2020-04-08 13:50:00,8.0,10.0,6.0,8.0,2.0,,17
45799,2020-04-08 13:55:00,2.0,7.0,6.0,,4.0,3.0,17
46356,2020-04-08 13:55:00,1.0,6.0,7.0,,3.0,2.0,17
46608,2020-04-08 13:55:00,1.0,8.0,7.0,,4.0,3.0,17
46594,2020-04-08 13:55:00,1.0,6.0,6.0,0.0,3.0,2.0,17
9822,2020-04-08 14:00:00,4.0,8.0,6.0,,2.0,,17
59471,2020-04-08 14:05:00,1.0,7.0,6.0,,2.0,0.0,17
59494,2020-04-08 14:05:00,2.0,7.0,6.0,,3.0,0.0,17
45963,2020-04-08 14:15:00,1.0,6.0,7.0,,4.0,2.0,17
45936,2020-04-08 14:15:00,2.0,6.0,6.0,,4.0,1.0,17
46657,2020-04-08 14:20:00,1.0,7.0,6.0,,5.0,2.0,17
46442,2020-04-08 14:30:00,-0.0,6.0,5.0,,3.0,3.0,17
46506,2020-04-08 14:30:00,1.0,7.0,6.0,,3.0,2.0,17
46709,2020-04-08 14:30:00,-0.0,7.0,5.0,,3.0,2.0,17
59426,2020-04-08 14:35:00,1.0,7.0,6.0,,3.0,0.0,17
46401,2020-04-08 14:35:00,2.0,7.0,6.0,,3.0,2.0,17
45918,2020-04-08 14:40:00,2.0,7.0,6.0,,3.0,1.0,17
46225,2020-04-08 14:40:00,1.0,7.0,5.0,,3.0,1.0,17
46183,2020-04-08 14:45:00,3.0,6.0,6.0,,2.0,3.0,17
45785,2020-04-08 14:45:00,-0.0,7.0,5.0,,3.0,3.0,17
46513,2020-04-08 14:45:00,1.0,7.0,7.0,,3.0,1.0,17
46544,2020-04-08 14:50:00,2.0,5.0,6.0,,3.0,2.0,17
46808,2020-04-08 14:55:00,1.0,7.0,6.0,,2.0,2.0,17
9843,2020-04-08 14:55:00,3.0,7.0,3.0,,10.0,,17
46034,2020-04-08 15:00:00,1.0,7.0,6.0,,2.0,3.0,17
9896,2020-04-08 15:00:00,10.0,4.0,10.0,,2.0,,17
46126,2020-04-08 15:05:00,1.0,7.0,7.0,,2.0,2.0,17
46460,2020-04-08 15:10:00,1.0,7.0,6.0,,3.0,1.0,17
9906,2020-04-08 15:15:00,2.0,6.0,10.0,,10.0,,17
46056,2020-04-08 15:15:00,1.0,7.0,5.0,,4.0,3.0,17
46311,2020-04-08 15:15:00,1.0,7.0,6.0,,4.0,2.0,17
9787,2020-04-08 15:25:00,9.0,8.0,8.0,,10.0,,17
9816,2020-04-08 15:25:00,9.0,5.0,8.0,4.0,6.0,,17
46368,2020-04-08 15:25:00,2.0,8.0,7.0,,2.0,2.0,17
45938,2020-04-08 15:25:00,2.0,5.0,7.0,,3.0,2.0,17
59450,2020-04-08 15:35:00,0.0,7.0,6.0,,2.0,1.0,17
46304,2020-04-08 15:40:00,2.0,7.0,7.0,,3.0,2.0,17
9930,2020-04-08 15:50:00,5.0,7.0,6.0,,0.0,,17
46406,2020-04-08 16:15:00,2.0,6.0,6.0,,3.0,1.0,17
46031,2020-04-08 16:15:00,1.0,6.0,5.0,,3.0,2.0,17
59486,2020-04-08 16:25:00,1.0,6.0,5.0,,4.0,-0.0,17
9940,2020-04-08 16:45:00,2.0,9.0,10.0,,1.0,,17
46106,2020-04-08 17:10:00,1.0,7.0,6.0,,3.0,1.0,17
46716,2020-04-08 17:20:00,1.0,8.0,7.0,,4.0,2.0,17
46489,2020-04-08 17:55:00,1.0,8.0,6.0,,3.0,2.0,17
46665,2020-04-08 18:05:00,1.0,8.0,6.0,,4.0,2.0,17
46791,2020-04-08 18:15:00,2.0,7.0,7.0,,3.0,1.0,17
59421,2020-04-08 18:45:00,1.0,7.0,7.0,,2.0,1.0,17
9897,2020-04-08 20:10:00,7.0,0.0,0.0,,7.0,,17
9960,2020-04-08 20:50:00,10.0,10.0,9.0,,10.0,,17
9865,2020-04-08 23:15:00,9.0,6.0,5.0,,6.0,,17
9825,2020-04-09 00:30:00,1.0,5.0,8.0,,0.0,1.0,17
9956,2020-04-09 00:40:00,0.0,0.0,8.0,,4.0,,17
9830,2020-04-09 01:00:00,1.0,6.0,3.0,,6.0,,17
9861,2020-04-09 01:25:00,5.0,10.0,7.0,,2.0,,17
9811,2020-04-09 01:40:00,0.0,4.0,9.0,,0.0,,17
9915,2020-04-09 01:45:00,1.0,10.0,7.0,,6.0,0.0,17
9993,2020-04-09 02:05:00,6.0,1.0,4.0,,6.0,,17
9800,2020-04-09 02:10:00,0.0,7.0,1.0,,3.0,,17
10004,2020-04-09 02:20:00,5.0,10.0,7.0,,6.0,0.0,17
10010,2020-04-09 02:40:00,2.0,0.0,1.0,,4.0,0.0,17
9821,2020-04-09 03:35:00,2.0,7.0,0.0,,10.0,,17
9794,2020-04-09 03:35:00,7.0,7.0,3.0,,9.0,,17
9914,2020-04-09 03:45:00,5.0,2.0,6.0,4.0,1.0,,17
10001,2020-04-09 03:45:00,0.0,3.0,8.0,,7.0,0.0,17
9859,2020-04-09 04:25:00,8.0,4.0,2.0,,10.0,,17
9908,2020-04-09 05:35:00,7.0,5.0,6.0,,10.0,,17
9869,2020-04-09 05:50:00,7.0,10.0,0.0,,10.0,,17
9911,2020-04-09 06:40:00,2.0,10.0,5.0,,8.0,,17
10005,2020-04-09 06:55:00,0.0,9.0,0.0,,10.0,,17
9842,2020-04-09 07:00:00,6.0,10.0,6.0,,6.0,1.0,17
9920,2020-04-09 07:55:00,4.0,3.0,4.0,,0.0,,17
9966,2020-04-09 08:35:00,7.0,2.0,3.0,,1.0,0.0,17
9820,2020-04-09 08:55:00,3.0,5.0,10.0,,5.0,0.0,17
9986,2020-04-09 09:05:00,9.0,3.0,5.0,,1.0,,17
9807,2020-04-09 09:50:00,10.0,10.0,2.0,,1.0,1.0,17
9979,2020-04-09 09:55:00,0.0,9.0,10.0,,6.0,0.0,17
9925,2020-04-09 10:05:00,5.0,6.0,7.0,,4.0,,17
9834,2020-04-09 10:15:00,2.0,8.0,8.0,,4.0,,17
9899,2020-04-09 10:20:00,6.0,0.0,9.0,,4.0,,17
9872,2020-04-09 11:15:00,7.0,1.0,5.0,,5.0,,17
9992,2020-04-09 12:25:00,1.0,4.0,3.0,,2.0,0.0,17
9912,2020-04-09 12:50:00,7.0,8.0,2.0,,5.0,0.0,17
76467,2020-04-09 15:00:00,2.0,2.0,5.0,4.0,4.0,0.0,17
76454,2020-04-09 15:00:00,3.0,2.0,6.0,,2.0,1.0,17
76435,2020-04-09 15:00:00,2.0,1.0,6.0,,4.0,1.0,17
76585,2020-04-09 15:00:00,3.0,2.0,6.0,,4.0,2.0,17
76475,2020-04-09 15:00:00,2.0,1.0,5.0,,2.0,1.0,17
76498,2020-04-09 15:00:00,3.0,2.0,7.0,,3.0,2.0,17
76414,2020-04-09 15:00:00,3.0,2.0,7.0,,3.0,1.0,17
76662,2020-04-09 15:00:00,4.0,2.0,6.0,,3.0,1.0,17
76664,2020-04-09 15:00:00,3.0,3.0,5.0,2.0,2.0,1.0,17
76545,2020-04-09 15:00:00,3.0,2.0,5.0,,4.0,1.0,17
76461,2020-04-09 15:00:00,2.0,1.0,6.0,1.0,2.0,1.0,17
76384,2020-04-09 15:05:00,3.0,3.0,6.0,,3.0,1.0,17
76415,2020-04-09 15:05:00,3.0,2.0,8.0,,3.0,1.0,17
76624,2020-04-09 15:05:00,3.0,1.0,7.0,,2.0,1.0,17
76411,2020-04-09 15:05:00,3.0,2.0,5.0,,3.0,1.0,17
76423,2020-04-09 15:05:00,3.0,1.0,6.0,,1.0,0.0,17
76448,2020-04-09 15:05:00,4.0,2.0,5.0,,3.0,0.0,17
76628,2020-04-09 15:05:00,3.0,3.0,5.0,,4.0,2.0,17
76391,2020-04-09 15:05:00,4.0,1.0,6.0,,3.0,1.0,17
76465,2020-04-09 15:05:00,4.0,1.0,6.0,,3.0,1.0,17
76380,2020-04-09 15:05:00,2.0,2.0,5.0,,4.0,3.0,17
76638,2020-04-09 15:05:00,3.0,2.0,6.0,,3.0,0.0,17
76402,2020-04-09 15:05:00,2.0,2.0,6.0,,3.0,1.0,17
76470,2020-04-09 15:05:00,3.0,2.0,6.0,,3.0,1.0,17
76579,2020-04-09 15:05:00,2.0,3.0,5.0,,3.0,1.0,17
76655,2020-04-09 15:05:00,3.0,2.0,5.0,,2.0,0.0,17
76562,2020-04-09 15:05:00,2.0,0.0,6.0,,3.0,1.0,17
76555,2020-04-09 15:05:00,3.0,2.0,6.0,,3.0,0.0,17
76658,2020-04-09 15:05:00,3.0,1.0,6.0,,3.0,1.0,17
76506,2020-04-09 15:05:00,4.0,1.0,6.0,,3.0,0.0,17
76515,2020-04-09 15:05:00,3.0,1.0,5.0,,4.0,1.0,17
76539,2020-04-09 15:05:00,1.0,3.0,7.0,,3.0,2.0,17
76463,2020-04-09 15:05:00,3.0,4.0,6.0,,3.0,-0.0,17
76644,2020-04-09 15:10:00,3.0,2.0,6.0,,3.0,2.0,17
76543,2020-04-09 15:10:00,2.0,1.0,5.0,,3.0,2.0,17
76456,2020-04-09 15:10:00,3.0,2.0,6.0,,2.0,1.0,17
76420,2020-04-09 15:10:00,3.0,3.0,5.0,,3.0,1.0,17
76610,2020-04-09 15:10:00,4.0,2.0,6.0,,4.0,1.0,17
76604,2020-04-09 15:10:00,3.0,1.0,5.0,,2.0,1.0,17
76600,2020-04-09 15:10:00,2.0,2.0,6.0,,3.0,1.0,17
76471,2020-04-09 15:10:00,2.0,2.0,6.0,,2.0,1.0,17
76581,2020-04-09 15:10:00,3.0,2.0,6.0,,2.0,0.0,17
76575,2020-04-09 15:10:00,3.0,2.0,6.0,,4.0,0.0,17
76504,2020-04-09 15:10:00,4.0,2.0,6.0,,3.0,0.0,17
76525,2020-04-09 15:10:00,3.0,2.0,7.0,,3.0,1.0,17
76550,2020-04-09 15:10:00,2.0,3.0,6.0,,4.0,1.0,17
76636,2020-04-09 15:10:00,2.0,1.0,6.0,,2.0,1.0,17
76502,2020-04-09 15:10:00,3.0,1.0,6.0,,3.0,1.0,17
76686,2020-04-09 15:10:00,3.0,3.0,8.0,,3.0,1.0,17
76491,2020-04-09 15:15:00,3.0,2.0,6.0,,3.0,2.0,17
76665,2020-04-09 15:15:00,2.0,3.0,5.0,,4.0,1.0,17
76409,2020-04-09 15:15:00,4.0,3.0,7.0,,4.0,1.0,17
76482,2020-04-09 15:15:00,3.0,2.0,7.0,,4.0,2.0,17
76597,2020-04-09 15:15:00,2.0,4.0,5.0,,3.0,1.0,17
76615,2020-04-09 15:15:00,2.0,1.0,7.0,,4.0,1.0,17
76466,2020-04-09 15:15:00,3.0,2.0,6.0,,2.0,1.0,17
76593,2020-04-09 15:15:00,4.0,2.0,6.0,,2.0,0.0,17
76569,2020-04-09 15:15:00,3.0,2.0,6.0,,4.0,1.0,17
76571,2020-04-09 15:15:00,3.0,3.0,6.0,,3.0,1.0,17
76577,2020-04-09 15:15:00,3.0,1.0,6.0,,3.0,1.0,17
76684,2020-04-09 15:15:00,2.0,3.0,5.0,1.0,3.0,0.0,17
76613,2020-04-09 15:15:00,4.0,2.0,6.0,,2.0,0.0,17
76635,2020-04-09 15:20:00,3.0,1.0,6.0,,2.0,1.0,17
76629,2020-04-09 15:20:00,3.0,2.0,6.0,,3.0,1.0,17
76478,2020-04-09 15:20:00,3.0,3.0,7.0,,3.0,1.0,17
76657,2020-04-09 15:20:00,3.0,2.0,5.0,,3.0,1.0,17
76659,2020-04-09 15:20:00,2.0,3.0,6.0,,4.0,2.0,17
76621,2020-04-09 15:20:00,4.0,1.0,6.0,,3.0,1.0,17
76640,2020-04-09 15:20:00,4.0,2.0,6.0,,4.0,2.0,17
76427,2020-04-09 15:20:00,3.0,3.0,7.0,,3.0,1.0,17
76437,2020-04-09 15:20:00,3.0,3.0,6.0,,4.0,2.0,17
76681,2020-04-09 15:20:00,3.0,2.0,5.0,,2.0,0.0,17
76527,2020-04-09 15:20:00,2.0,2.0,7.0,,3.0,1.0,17
76595,2020-04-09 15:20:00,2.0,2.0,6.0,,2.0,0.0,17
76592,2020-04-09 15:20:00,2.0,3.0,7.0,,3.0,2.0,17
76526,2020-04-09 15:25:00,3.0,3.0,7.0,,4.0,0.0,17
76404,2020-04-09 15:25:00,2.0,2.0,7.0,,3.0,0.0,17
76623,2020-04-09 15:25:00,4.0,2.0,6.0,,2.0,2.0,17
76492,2020-04-09 15:25:00,4.0,3.0,6.0,,1.0,2.0,17
76578,2020-04-09 15:25:00,3.0,1.0,6.0,,4.0,1.0,17
76464,2020-04-09 15:25:00,3.0,2.0,7.0,,3.0,1.0,17
76520,2020-04-09 15:25:00,3.0,2.0,6.0,,3.0,1.0,17
76445,2020-04-09 15:25:00,3.0,2.0,6.0,,4.0,1.0,17
76485,2020-04-09 15:30:00,3.0,3.0,7.0,,3.0,2.0,17
76654,2020-04-09 15:30:00,3.0,3.0,5.0,,3.0,1.0,17
76551,2020-04-09 15:30:00,4.0,2.0,4.0,,4.0,1.0,17
76479,2020-04-09 15:30:00,3.0,2.0,5.0,,3.0,1.0,17
76596,2020-04-09 15:30:00,3.0,1.0,7.0,,3.0,1.0,17
76627,2020-04-09 15:30:00,4.0,3.0,6.0,,3.0,1.0,17
76620,2020-04-09 15:30:00,4.0,2.0,5.0,,3.0,0.0,17
76514,2020-04-09 15:30:00,3.0,2.0,7.0,,3.0,1.0,17
76499,2020-04-09 15:30:00,2.0,2.0,5.0,,3.0,1.0,17
76512,2020-04-09 15:30:00,3.0,2.0,5.0,,2.0,1.0,17
76396,2020-04-09 15:30:00,3.0,3.0,7.0,,2.0,1.0,17
76606,2020-04-09 15:30:00,3.0,2.0,5.0,,3.0,-0.0,17
76399,2020-04-09 15:30:00,3.0,1.0,6.0,,5.0,-0.0,17
76400,2020-04-09 15:30:00,2.0,2.0,6.0,,2.0,1.0,17
76542,2020-04-09 15:30:00,2.0,2.0,6.0,,5.0,0.0,17
76667,2020-04-09 15:30:00,2.0,1.0,7.0,,3.0,2.0,17
76416,2020-04-09 15:35:00,3.0,1.0,6.0,,3.0,2.0,17
76489,2020-04-09 15:35:00,4.0,2.0,6.0,,2.0,2.0,17
76430,2020-04-09 15:35:00,3.0,2.0,7.0,,2.0,0.0,17
76678,2020-04-09 15:35:00,3.0,2.0,5.0,,2.0,1.0,17
76630,2020-04-09 15:35:00,4.0,2.0,5.0,,4.0,1.0,17
76500,2020-04-09 15:35:00,3.0,2.0,5.0,,4.0,1.0,17
76393,2020-04-09 15:35:00,3.0,3.0,7.0,,3.0,2.0,17
76484,2020-04-09 15:35:00,3.0,2.0,7.0,,4.0,0.0,17
76607,2020-04-09 15:35:00,2.0,2.0,6.0,,3.0,0.0,17
76381,2020-04-09 15:35:00,2.0,1.0,5.0,,4.0,1.0,17
76685,2020-04-09 15:35:00,2.0,2.0,7.0,,2.0,2.0,17
76441,2020-04-09 15:35:00,4.0,1.0,6.0,,2.0,1.0,17
76557,2020-04-09 15:40:00,1.0,2.0,7.0,,3.0,1.0,17
76568,2020-04-09 15:40:00,3.0,2.0,7.0,,3.0,0.0,17
76508,2020-04-09 15:40:00,3.0,1.0,5.0,,3.0,-0.0,17
76453,2020-04-09 15:40:00,3.0,2.0,5.0,,3.0,1.0,17
76452,2020-04-09 15:40:00,2.0,2.0,7.0,,2.0,1.0,17
76449,2020-04-09 15:40:00,3.0,2.0,6.0,,2.0,3.0,17
76488,2020-04-09 15:40:00,3.0,1.0,6.0,,2.0,1.0,17
76531,2020-04-09 15:40:00,3.0,3.0,8.0,,3.0,0.0,17
76473,2020-04-09 15:40:00,3.0,2.0,5.0,,3.0,1.0,17
76433,2020-04-09 15:40:00,3.0,3.0,7.0,,3.0,1.0,17
76676,2020-04-09 15:40:00,3.0,3.0,5.0,,3.0,0.0,17
76656,2020-04-09 15:40:00,3.0,2.0,7.0,0.0,4.0,1.0,17
76388,2020-04-09 15:40:00,3.0,2.0,7.0,,3.0,1.0,17
76392,2020-04-09 15:40:00,2.0,1.0,5.0,,3.0,2.0,17
76679,2020-04-09 15:40:00,3.0,3.0,6.0,,3.0,0.0,17
76432,2020-04-09 15:40:00,3.0,2.0,6.0,,3.0,1.0,17
76382,2020-04-09 15:40:00,3.0,2.0,6.0,,4.0,1.0,17
76673,2020-04-09 15:45:00,3.0,3.0,5.0,,4.0,1.0,17
76601,2020-04-09 15:45:00,3.0,-0.0,5.0,,3.0,0.0,17
76474,2020-04-09 15:45:00,2.0,3.0,7.0,,3.0,1.0,17
76633,2020-04-09 15:45:00,3.0,1.0,7.0,,3.0,-0.0,17
76408,2020-04-09 15:45:00,3.0,3.0,8.0,,4.0,2.0,17
76460,2020-04-09 15:45:00,3.0,2.0,6.0,,3.0,1.0,17
76602,2020-04-09 15:45:00,3.0,2.0,6.0,,3.0,1.0,17
9952,2020-04-09 15:45:00,8.0,4.0,5.0,,4.0,,17
76480,2020-04-09 15:45:00,3.0,2.0,5.0,,3.0,2.0,17
76590,2020-04-09 15:45:00,3.0,1.0,6.0,,3.0,2.0,17
76509,2020-04-09 15:45:00,3.0,2.0,6.0,,4.0,-0.0,17
76547,2020-04-09 15:45:00,3.0,1.0,6.0,1.0,2.0,1.0,17
76390,2020-04-09 15:45:00,4.0,2.0,7.0,,3.0,1.0,17
76674,2020-04-09 15:45:00,2.0,1.0,6.0,,3.0,1.0,17
76582,2020-04-09 15:50:00,4.0,1.0,6.0,,3.0,1.0,17
76528,2020-04-09 15:50:00,3.0,3.0,5.0,2.0,4.0,0.0,17
76567,2020-04-09 15:50:00,3.0,2.0,5.0,,3.0,1.0,17
76680,2020-04-09 15:50:00,5.0,1.0,5.0,,4.0,0.0,17
76385,2020-04-09 15:50:00,1.0,2.0,6.0,,3.0,0.0,17
76447,2020-04-09 15:50:00,2.0,3.0,6.0,,3.0,2.0,17
76436,2020-04-09 15:50:00,3.0,2.0,6.0,,3.0,1.0,17
76573,2020-04-09 15:50:00,2.0,1.0,6.0,,2.0,0.0,17
76513,2020-04-09 15:50:00,3.0,1.0,6.0,,3.0,1.0,17
76494,2020-04-09 15:55:00,3.0,2.0,7.0,,2.0,-0.0,17
76397,2020-04-09 15:55:00,2.0,2.0,7.0,,3.0,2.0,17
76519,2020-04-09 15:55:00,2.0,2.0,6.0,,3.0,0.0,17
76660,2020-04-09 15:55:00,3.0,2.0,6.0,,2.0,2.0,17
76609,2020-04-09 15:55:00,3.0,3.0,5.0,,3.0,1.0,17
76510,2020-04-09 15:55:00,2.0,3.0,6.0,,3.0,1.0,17
76532,2020-04-09 15:55:00,3.0,2.0,7.0,,3.0,2.0,17
76389,2020-04-09 15:55:00,2.0,3.0,5.0,,3.0,1.0,17
76378,2020-04-09 15:55:00,3.0,1.0,6.0,,2.0,1.0,17
76642,2020-04-09 15:55:00,4.0,2.0,7.0,,2.0,1.0,17
76556,2020-04-09 15:55:00,3.0,2.0,5.0,,2.0,1.0,17
76446,2020-04-09 15:55:00,3.0,2.0,6.0,,2.0,-0.0,17
76572,2020-04-09 15:55:00,4.0,3.0,7.0,,3.0,2.0,17
76563,2020-04-09 15:55:00,3.0,1.0,7.0,,4.0,2.0,17
76522,2020-04-09 16:00:00,4.0,2.0,5.0,,4.0,1.0,17
76616,2020-04-09 16:00:00,2.0,3.0,7.0,,3.0,2.0,17
76516,2020-04-09 16:00:00,1.0,2.0,5.0,,4.0,0.0,17
76462,2020-04-09 16:00:00,2.0,2.0,6.0,,2.0,2.0,17
76406,2020-04-09 16:00:00,3.0,1.0,5.0,,2.0,2.0,17
76559,2020-04-09 16:00:00,2.0,3.0,6.0,,4.0,1.0,17
76443,2020-04-09 16:00:00,3.0,1.0,6.0,,3.0,2.0,17
76442,2020-04-09 16:00:00,3.0,2.0,6.0,,3.0,1.0,17
76511,2020-04-09 16:00:00,4.0,2.0,6.0,,4.0,1.0,17
76540,2020-04-09 16:00:00,3.0,3.0,6.0,,3.0,-0.0,17
76643,2020-04-09 16:00:00,3.0,2.0,6.0,,3.0,0.0,17
76538,2020-04-09 16:05:00,3.0,1.0,6.0,,2.0,1.0,17
76426,2020-04-09 16:05:00,3.0,3.0,6.0,,4.0,1.0,17
76425,2020-04-09 16:05:00,3.0,3.0,7.0,,2.0,0.0,17
76586,2020-04-09 16:05:00,3.0,2.0,7.0,,4.0,1.0,17
76468,2020-04-09 16:05:00,2.0,2.0,6.0,,3.0,-0.0,17
76570,2020-04-09 16:05:00,3.0,3.0,6.0,,4.0,1.0,17
76503,2020-04-09 16:10:00,2.0,2.0,6.0,,4.0,1.0,17
76444,2020-04-09 16:10:00,3.0,1.0,6.0,,4.0,0.0,17
76645,2020-04-09 16:10:00,3.0,2.0,6.0,,3.0,1.0,17
76549,2020-04-09 16:10:00,3.0,1.0,7.0,,3.0,1.0,17
76429,2020-04-09 16:10:00,4.0,2.0,6.0,,3.0,1.0,17
76588,2020-04-09 16:10:00,4.0,3.0,5.0,,2.0,2.0,17
76589,2020-04-09 16:10:00,5.0,2.0,6.0,,3.0,1.0,17
76677,2020-04-09 16:10:00,4.0,3.0,5.0,,2.0,1.0,17
76413,2020-04-09 16:10:00,3.0,2.0,7.0,,3.0,0.0,17
76646,2020-04-09 16:10:00,3.0,2.0,7.0,,3.0,1.0,17
76418,2020-04-09 16:10:00,4.0,2.0,6.0,,3.0,2.0,17
76521,2020-04-09 16:10:00,2.0,1.0,6.0,,4.0,1.0,17
76379,2020-04-09 16:15:00,3.0,1.0,6.0,,3.0,0.0,17
76584,2020-04-09 16:15:00,4.0,2.0,7.0,,4.0,1.0,17
76603,2020-04-09 16:15:00,3.0,2.0,6.0,,2.0,1.0,17
76668,2020-04-09 16:15:00,3.0,1.0,6.0,,2.0,1.0,17
76401,2020-04-09 16:15:00,3.0,3.0,7.0,,3.0,2.0,17
76619,2020-04-09 16:15:00,2.0,1.0,6.0,,4.0,0.0,17
76434,2020-04-09 16:15:00,5.0,3.0,7.0,,2.0,0.0,17
76641,2020-04-09 16:15:00,4.0,3.0,6.0,,4.0,1.0,17
76653,2020-04-09 16:15:00,3.0,0.0,6.0,,3.0,1.0,17
76637,2020-04-09 16:15:00,4.0,2.0,6.0,,3.0,1.0,17
76428,2020-04-09 16:15:00,3.0,0.0,7.0,,4.0,1.0,17
76634,2020-04-09 16:15:00,4.0,2.0,6.0,,3.0,1.0,17
76407,2020-04-09 16:15:00,2.0,2.0,5.0,,3.0,1.0,17
76469,2020-04-09 16:15:00,3.0,2.0,6.0,,3.0,2.0,17
76546,2020-04-09 16:20:00,3.0,1.0,6.0,,2.0,1.0,17
76622,2020-04-09 16:20:00,4.0,3.0,6.0,,2.0,2.0,17
76566,2020-04-09 16:20:00,3.0,2.0,7.0,,2.0,0.0,17
76431,2020-04-09 16:20:00,3.0,3.0,6.0,8.0,2.0,0.0,17
76558,2020-04-09 16:20:00,2.0,2.0,6.0,,4.0,1.0,17
76648,2020-04-09 16:25:00,4.0,3.0,5.0,,4.0,1.0,17
76383,2020-04-09 16:25:00,3.0,3.0,6.0,,2.0,1.0,17
76576,2020-04-09 16:25:00,2.0,1.0,6.0,,2.0,1.0,17
76553,2020-04-09 16:25:00,2.0,2.0,5.0,,3.0,3.0,17
76611,2020-04-09 16:25:00,3.0,3.0,5.0,,1.0,2.0,17
76524,2020-04-09 16:25:00,3.0,2.0,5.0,,4.0,1.0,17
76517,2020-04-09 16:25:00,3.0,1.0,6.0,,2.0,2.0,17
76672,2020-04-09 16:25:00,5.0,2.0,6.0,,4.0,2.0,17
76535,2020-04-09 16:30:00,4.0,1.0,7.0,,2.0,0.0,17
76537,2020-04-09 16:30:00,4.0,1.0,6.0,,3.0,0.0,17
76533,2020-04-09 16:30:00,1.0,2.0,6.0,,3.0,2.0,17
76394,2020-04-09 16:30:00,3.0,3.0,6.0,,3.0,1.0,17
76598,2020-04-09 16:30:00,4.0,4.0,6.0,,3.0,3.0,17
76439,2020-04-09 16:30:00,3.0,2.0,7.0,,4.0,0.0,17
76472,2020-04-09 16:30:00,3.0,3.0,6.0,,3.0,0.0,17
76651,2020-04-09 16:35:00,4.0,1.0,7.0,,3.0,1.0,17
76565,2020-04-09 16:35:00,4.0,2.0,6.0,,2.0,1.0,17
76451,2020-04-09 16:35:00,2.0,3.0,5.0,,2.0,1.0,17
76501,2020-04-09 16:35:00,3.0,3.0,7.0,,4.0,1.0,17
76599,2020-04-09 16:35:00,3.0,2.0,6.0,,2.0,1.0,17
76548,2020-04-09 16:35:00,4.0,2.0,5.0,,2.0,1.0,17
76440,2020-04-09 16:40:00,3.0,2.0,7.0,,4.0,1.0,17
76683,2020-04-09 16:40:00,3.0,3.0,6.0,,2.0,0.0,17
76386,2020-04-09 16:40:00,3.0,1.0,5.0,,2.0,1.0,17
76631,2020-04-09 16:40:00,2.0,4.0,6.0,,2.0,2.0,17
76438,2020-04-09 16:40:00,3.0,3.0,6.0,,4.0,1.0,17
76663,2020-04-09 16:40:00,4.0,2.0,8.0,,4.0,1.0,17
76632,2020-04-09 16:45:00,3.0,1.0,5.0,,4.0,0.0,17
76459,2020-04-09 16:45:00,3.0,2.0,7.0,,3.0,3.0,17
76483,2020-04-09 16:45:00,4.0,1.0,6.0,,2.0,2.0,17
76530,2020-04-09 16:50:00,2.0,3.0,5.0,,3.0,1.0,17
76618,2020-04-09 16:50:00,2.0,2.0,5.0,,2.0,-0.0,17
76583,2020-04-09 16:50:00,4.0,3.0,5.0,,3.0,2.0,17
76612,2020-04-09 16:50:00,4.0,3.0,6.0,,4.0,1.0,17
9805,2020-04-09 16:50:00,0.0,7.0,8.0,,6.0,,17
9982,2020-04-09 16:50:00,7.0,10.0,8.0,,8.0,,17
76490,2020-04-09 16:50:00,3.0,2.0,7.0,,4.0,1.0,17
76495,2020-04-09 16:50:00,3.0,1.0,6.0,,4.0,1.0,17
76587,2020-04-09 16:50:00,4.0,3.0,7.0,,3.0,1.0,17
76614,2020-04-09 16:55:00,3.0,1.0,6.0,,3.0,1.0,17
76617,2020-04-09 16:55:00,3.0,2.0,6.0,,2.0,0.0,17
76395,2020-04-09 16:55:00,3.0,0.0,7.0,7.0,4.0,2.0,17
76455,2020-04-09 16:55:00,3.0,3.0,7.0,,4.0,0.0,17
76410,2020-04-09 17:00:00,3.0,2.0,5.0,,3.0,2.0,17
76605,2020-04-09 17:00:00,3.0,2.0,7.0,,3.0,0.0,17
76398,2020-04-09 17:00:00,4.0,1.0,6.0,,3.0,1.0,17
76647,2020-04-09 17:00:00,2.0,2.0,7.0,,3.0,2.0,17
76608,2020-04-09 17:05:00,3.0,3.0,8.0,,4.0,1.0,17
76675,2020-04-09 17:05:00,4.0,2.0,6.0,,3.0,1.0,17
9814,2020-04-09 17:05:00,4.0,3.0,5.0,,2.0,,17
76421,2020-04-09 17:05:00,3.0,2.0,6.0,,2.0,1.0,17
76419,2020-04-09 17:05:00,3.0,1.0,7.0,,3.0,0.0,17
76552,2020-04-09 17:05:00,2.0,2.0,6.0,,3.0,1.0,17
76652,2020-04-09 17:10:00,3.0,1.0,6.0,,4.0,1.0,17
76529,2020-04-09 17:15:00,5.0,2.0,6.0,,4.0,2.0,17
76457,2020-04-09 17:15:00,3.0,1.0,5.0,,3.0,1.0,17
76417,2020-04-09 17:15:00,4.0,2.0,6.0,,3.0,0.0,17
76560,2020-04-09 17:15:00,3.0,3.0,4.0,,2.0,1.0,17
10008,2020-04-09 17:15:00,1.0,1.0,10.0,,6.0,,17
9824,2020-04-09 17:15:00,2.0,2.0,4.0,1.0,5.0,,17
76496,2020-04-09 17:20:00,3.0,2.0,7.0,,3.0,1.0,17
76554,2020-04-09 17:20:00,3.0,3.0,6.0,,2.0,2.0,17
76487,2020-04-09 17:25:00,3.0,1.0,6.0,,3.0,0.0,17
76523,2020-04-09 17:25:00,3.0,1.0,7.0,,3.0,1.0,17
76536,2020-04-09 17:25:00,3.0,2.0,5.0,,2.0,0.0,17
76625,2020-04-09 17:25:00,3.0,2.0,7.0,,4.0,2.0,17
76666,2020-04-09 17:25:00,3.0,3.0,6.0,,4.0,0.0,17
76477,2020-04-09 17:30:00,2.0,2.0,7.0,,2.0,1.0,17
76505,2020-04-09 17:30:00,3.0,1.0,5.0,,2.0,2.0,17
76486,2020-04-09 17:35:00,3.0,2.0,6.0,,3.0,1.0,17
76450,2020-04-09 17:35:00,2.0,1.0,6.0,,3.0,0.0,17
76497,2020-04-09 17:35:00,3.0,2.0,7.0,,2.0,2.0,17
76639,2020-04-09 17:45:00,3.0,2.0,6.0,,3.0,1.0,17
76476,2020-04-09 17:45:00,3.0,1.0,6.0,,3.0,0.0,17
76412,2020-04-09 17:50:00,4.0,2.0,6.0,,3.0,1.0,17
76387,2020-04-09 17:50:00,4.0,2.0,6.0,,3.0,2.0,17
76670,2020-04-09 17:50:00,4.0,3.0,5.0,,3.0,2.0,17
76682,2020-04-09 17:50:00,3.0,2.0,6.0,,2.0,2.0,17
76594,2020-04-09 17:55:00,3.0,2.0,5.0,,3.0,1.0,17
76650,2020-04-09 17:55:00,2.0,1.0,6.0,,3.0,1.0,17
76661,2020-04-09 17:55:00,3.0,1.0,6.0,,3.0,1.0,17
76574,2020-04-09 17:55:00,3.0,1.0,7.0,,3.0,1.0,17
76518,2020-04-09 18:00:00,3.0,3.0,6.0,,3.0,-0.0,17
76481,2020-04-09 18:00:00,2.0,2.0,6.0,,5.0,1.0,17
76541,2020-04-09 18:00:00,3.0,2.0,6.0,,2.0,2.0,17
76544,2020-04-09 18:05:00,3.0,2.0,7.0,5.0,3.0,1.0,17
76626,2020-04-09 18:05:00,4.0,2.0,5.0,,3.0,1.0,17
76649,2020-04-09 18:05:00,3.0,2.0,6.0,,3.0,1.0,17
76405,2020-04-09 18:15:00,4.0,1.0,5.0,,2.0,-0.0,17
76458,2020-04-09 18:15:00,4.0,3.0,6.0,,3.0,1.0,17
9962,2020-04-09 18:15:00,10.0,2.0,7.0,,5.0,,17
9999,2020-04-09 18:25:00,8.0,2.0,8.0,,3.0,,17
76669,2020-04-09 18:25:00,4.0,2.0,4.0,,3.0,2.0,17
9835,2020-04-09 18:25:00,9.0,4.0,8.0,,10.0,0.0,17
76424,2020-04-09 18:35:00,3.0,2.0,5.0,,4.0,0.0,17
76507,2020-04-09 18:45:00,3.0,2.0,6.0,,4.0,1.0,17
76534,2020-04-09 18:45:00,3.0,1.0,6.0,,3.0,1.0,17
76580,2020-04-09 18:45:00,3.0,2.0,6.0,,2.0,2.0,17
76561,2020-04-09 18:55:00,4.0,1.0,6.0,,3.0,1.0,17
76422,2020-04-09 18:55:00,3.0,2.0,6.0,,3.0,-0.0,17
9884,2020-04-09 19:00:00,8.0,9.0,10.0,,9.0,,17
76591,2020-04-09 19:30:00,2.0,3.0,8.0,,3.0,2.0,17
76403,2020-04-09 19:40:00,5.0,2.0,6.0,,2.0,1.0,17
76493,2020-04-09 19:45:00,3.0,3.0,6.0,,4.0,0.0,17
9790,2020-04-09 19:50:00,7.0,6.0,5.0,,1.0,0.0,17
9943,2020-04-09 20:15:00,6.0,10.0,10.0,,0.0,,17
9796,2020-04-09 20:30:00,3.0,10.0,7.0,,9.0,,17
9936,2020-04-09 20:40:00,9.0,6.0,8.0,,5.0,,17
9840,2020-04-09 20:40:00,9.0,9.0,10.0,,1.0,,17
9907,2020-04-09 21:15:00,10.0,10.0,0.0,,10.0,,17
9864,2020-04-09 21:35:00,3.0,0.0,2.0,,3.0,,17
76564,2020-04-09 22:15:00,4.0,3.0,7.0,,4.0,-0.0,17
9831,2020-04-09 22:55:00,6.0,9.0,7.0,10.0,9.0,,17
9850,2020-04-09 23:55:00,5.0,10.0,8.0,,5.0,,17
76671,2020-04-10 00:05:00,4.0,3.0,6.0,,4.0,2.0,17
10009,2020-04-10 00:15:00,7.0,6.0,5.0,,10.0,,17
9987,2020-04-10 00:20:00,10.0,0.0,3.0,,6.0,1.0,17
9909,2020-04-10 00:50:00,7.0,10.0,10.0,,6.0,,17
9975,2020-04-10 01:05:00,10.0,7.0,6.0,,4.0,,17
9839,2020-04-10 01:45:00,10.0,8.0,5.0,,0.0,,17
9934,2020-04-10 01:50:00,3.0,9.0,2.0,,10.0,,17
9871,2020-04-10 02:10:00,0.0,2.0,2.0,,10.0,,17
9878,2020-04-10 02:25:00,5.0,0.0,1.0,,1.0,,17
9841,2020-04-10 02:50:00,4.0,3.0,7.0,,4.0,,17
9996,2020-04-10 04:20:00,1.0,10.0,1.0,,5.0,,17
9968,2020-04-10 04:30:00,4.0,8.0,6.0,,0.0,,17
9949,2020-04-10 05:10:00,8.0,4.0,1.0,,7.0,1.0,17
9955,2020-04-10 05:50:00,9.0,4.0,9.0,,9.0,,17
9810,2020-04-10 05:55:00,10.0,5.0,0.0,,3.0,,17
9983,2020-04-10 06:00:00,4.0,9.0,5.0,,6.0,,17
9806,2020-04-10 07:20:00,6.0,2.0,10.0,,4.0,,17
10000,2020-04-10 07:35:00,1.0,2.0,7.0,,5.0,,17
9998,2020-04-10 07:55:00,1.0,9.0,2.0,,6.0,1.0,17
9862,2020-04-10 08:00:00,9.0,7.0,10.0,,10.0,,17
9981,2020-04-10 08:00:00,8.0,5.0,4.0,,7.0,,17
9970,2020-04-10 08:35:00,10.0,10.0,8.0,,10.0,,17
9802,2020-04-10 09:20:00,3.0,10.0,8.0,,10.0,,17
9828,2020-04-10 19:00:00,7.0,7.0,4.0,,1.0,,17
9938,2020-04-10 19:00:00,0.0,3.0,0.0,,10.0,,17
9876,2020-04-10 19:00:00,4.0,3.0,1.0,,10.0,,17
9932,2020-04-10 19:00:00,7.0,9.0,10.0,,1.0,,17
9853,2020-04-10 19:00:00,2.0,8.0,2.0,,7.0,,17
9931,2020-04-10 19:00:00,6.0,7.0,8.0,,8.0,,17
9923,2020-04-10 19:00:00,9.0,1.0,10.0,,9.0,,17
9887,2020-04-10 19:00:00,0.0,7.0,6.0,,8.0,,17
9866,2020-04-10 19:00:00,7.0,9.0,3.0,,2.0,,17
9882,2020-04-10 19:00:00,7.0,10.0,2.0,,4.0,0.0,17
9889,2020-04-10 19:00:00,6.0,8.0,2.0,,9.0,,17
9927,2020-04-10 19:20:00,7.0,4.0,9.0,,4.0,,17
9916,2020-04-10 19:40:00,2.0,3.0,1.0,,10.0,,17
9978,2020-04-10 21:10:00,1.0,1.0,9.0,,6.0,1.0,17
9974,2020-04-10 21:25:00,5.0,8.0,0.0,,5.0,,17
10003,2020-04-10 22:40:00,7.0,5.0,6.0,,2.0,,17
9894,2020-04-10 23:35:00,10.0,6.0,5.0,,9.0,,17
9874,2020-04-10 23:35:00,8.0,3.0,4.0,,0.0,,17
9902,2020-04-10 23:50:00,0.0,8.0,5.0,,9.0,,17
